Workbook

Sheet YTD Totals
A1: Coastal Air Plus — YTD Totals (Jan 1 – Oct 23, 2026)
A3: Ad Spend | B3: ='By Channel'!B10 -> 173871.59
A4: Calls & forms | B4: ='By Channel'!C10 -> 5007
A5: Unique Leads | B5: ='By Channel'!D10 -> 3613
A6: Closed Revenue (tracked) | B6: ='By Channel'!E10 -> 841452.23
A7: Cost per Unique Lead | B7: =B3/B5 -> 48.123883
A8: ROAS (Closed) | B8: =B6/B3 -> 4.8395039
A9: Brand-assisted revenue (estimate) | B9: 225000
A10: Marketing-influenced total | B10: =B6+B9 -> 1066452.2
A13: Notes
A14: All figures except brand-assisted come from Searchlight's performance-by export for Jan 1 – Oct 23, 2026, as one period.
A15: Unique leads are counted per campaign on the campaign sheet; the channel total matches Searchlight's report.
A16: Booked jobs are not included in this export.
A17: October revenue is still maturing as recent jobs close.

Sheet All Campaigns Ranked
A1: Coastal Air Plus — All Campaigns Ranked by Closed Revenue (Jan 1 – Oct 23, 2026)
A2: Source: Searchlight performance-by export, Jan 1 – Oct 23 2026 (one period), 46 retention/follow-up/Mainline campaigns excluded. Blue = Searchlight data; black = formulas.
A4: Rank | B4: Campaign | C4: Channel | D4: Spend | E4: Calls & forms | F4: Unique Leads | G4: Closed Revenue | H4: ROAS (Closed) | I4: Cost per Lead | J4: Revenue per Lead
A5: 1 | B5: Charleston GBP | Search | C5: Organic | D5: 0 | E5: 951 | F5: 636 | G5: 213906.51 | H5: =IF(D5>0,G5/D5,"") | I5: =IF(AND(D5>0,F5>0),D5/F5,"") | J5: =IF(F5>0,G5/F5,"") -> 336.33099
A6: 2 | B6: Website | C6: Other | D6: 0 | E6: 237 | F6: 158 | G6: 90249.74 | H6: =IF(D6>0,G6/D6,"") | I6: =IF(AND(D6>0,F6>0),D6/F6,"") | J6: =IF(F6>0,G6/F6,"") -> 571.20089
A7: 3 | B7: (LSA) Coastal Air Plus (HVAC) / David Long | C7: Advertising | D7: 29624.7 | E7: 450 | F7: 358 | G7: 75643.91 | H7: =IF(D7>0,G7/D7,"") -> 2.5534068 | I7: =IF(AND(D7>0,F7>0),D7/F7,"") -> 82.750559 | J7: =IF(F7>0,G7/F7,"") -> 211.29584
A8: 4 | B8: PPC_Brand_Core_Myrtle-Beach | C8: Advertising | D8: 7574.43 | E8: 302 | F8: 161 | G8: 71450.46 | H8: =IF(D8>0,G8/D8,"") -> 9.4331138 | I8: =IF(AND(D8>0,F8>0),D8/F8,"") -> 47.046149 | J8: =IF(F8>0,G8/F8,"") -> 443.79168
A9: 5 | B9: (LSA) Coastal Air Plus (Plumbing) / David Long | C9: Advertising | D9: 6344.48 | E9: 185 | F9: 120 | G9: 70243.49 | H9: =IF(D9>0,G9/D9,"") -> 11.071591 | I9: =IF(AND(D9>0,F9>0),D9/F9,"") -> 52.870667 | J9: =IF(F9>0,G9/F9,"") -> 585.36242
A10: 6 | B10: PPC_NB_Competitor-Carolina-Cool_Myrtle-Beach | C10: Advertising | D10: 26983.14 | E10: 376 | F10: 326 | G10: 56576.89 | H10: =IF(D10>0,G10/D10,"") -> 2.0967497 | I10: =IF(AND(D10>0,F10>0),D10/F10,"") -> 82.770368 | J10: =IF(F10>0,G10/F10,"") -> 173.54874
A11: 7 | B11: (no campaign) | C11: Organic | D11: 0 | E11: 60 | F11: 54 | G11: 54290.77 | H11: =IF(D11>0,G11/D11,"") | I11: =IF(AND(D11>0,F11>0),D11/F11,"") | J11: =IF(F11>0,G11/F11,"") -> 1005.3846
A12: 8 | B12: Google Organic | C12: Organic | D12: 0 | E12: 147 | F12: 100 | G12: 50470.76 | H12: =IF(D12>0,G12/D12,"") | I12: =IF(AND(D12>0,F12>0),D12/F12,"") | J12: =IF(F12>0,G12/F12,"") -> 504.7076
A13: 9 | B13: Myrtle Beach GBP | Search | C13: Organic | D13: 0 | E13: 302 | F13: 245 | G13: 25849.15 | H13: =IF(D13>0,G13/D13,"") | I13: =IF(AND(D13>0,F13>0),D13/F13,"") | J13: =IF(F13>0,G13/F13,"") -> 105.50673
A14: 10 | B14: Uncategorized | C14: Other | D14: 0 | E14: 137 | F14: 105 | G14: 18030.7 | H14: =IF(D14>0,G14/D14,"") | I14: =IF(AND(D14>0,F14>0),D14/F14,"") | J14: =IF(F14>0,G14/F14,"") -> 171.72095
A15: 11 | B15: Performance Max - Remarketing | C15: Advertising | D15: 10467.48 | E15: 207 | F15: 172 | G15: 16999.08 | H15: =IF(D15>0,G15/D15,"") -> 1.6239897 | I15: =IF(AND(D15>0,F15>0),D15/F15,"") -> 60.857442 | J15: =IF(F15>0,G15/F15,"") -> 98.83186
A16: 12 | B16: Direct Web Traffic | C16: Direct | D16: 0 | E16: 192 | F16: 111 | G16: 16989.16 | H16: =IF(D16>0,G16/D16,"") | I16: =IF(AND(D16>0,F16>0),D16/F16,"") | J16: =IF(F16>0,G16/F16,"") -> 153.0555
... A60: 56 | B60: mapstakeover | C60: Other | D60: 0 | E60: 1 | F60: 0 | G60: 0 | H60: =IF(D60>0,G60/D60,"") | I60: =IF(AND(D60>0,F60>0),D60/F60,"") | J60: =IF(F60>0,G60/F60,"")
B61: Spend not tied to a campaign | C61: Advertising | D61: 5064.61
B62: Total | D62: =SUM(D5:D61) -> 173871.59 | E62: =SUM(E5:E61) -> 5007 | F62: =SUM(F5:F61) -> 3613 | G62: =SUM(G5:G61) -> 841452.23 | H62: =G62/D62 -> 4.8395039 | I62: =D62/F62 -> 48.123883 | J62: =G62/F62 -> 232.89572

Sheet By Channel
A1: By Channel (Searchlight attribution category)
A3: Channel | B3: Spend | C3: Calls & forms | D3: Unique Leads | E3: Closed Revenue | F3: % of Closed Revenue | G3: ROAS (Closed)
A4: Organic | B4: =SUMIFS('All Campaigns Ranked'!$D$5:$D$61,'All Campaigns Ranked'!$C$5:$C$61,$A4) -> 0 | C4: =SUMIFS('All Campaigns Ranked'!$E$5:$E$61,'All Campaigns Ranked'!$C$5:$C$61,$A4) -> 1602 | D4: =SUMIFS('All Campaigns Ranked'!$F$5:$F$61,'All Campaigns Ranked'!$C$5:$C$61,$A4) -> 1135 | E4: =SUMIFS('All Campaigns Ranked'!$G$5:$G$61,'All Campaigns Ranked'!$C$5:$C$61,$A4) -> 351992.73 | F4: =E4/$E$10 -> 0.41831576 | G4: =IF(B4>0,E4/B4,"")
A5: Advertising | B5: =SUMIFS('All Campaigns Ranked'!$D$5:$D$61,'All Campaigns Ranked'!$C$5:$C$61,$A5) -> 173871.59 | C5: =SUMIFS('All Campaigns Ranked'!$E$5:$E$61,'All Campaigns Ranked'!$C$5:$C$61,$A5) -> 2299 | D5: =SUMIFS('All Campaigns Ranked'!$F$5:$F$61,'All Campaigns Ranked'!$C$5:$C$61,$A5) -> 1820 | E5: =SUMIFS('All Campaigns Ranked'!$G$5:$G$61,'All Campaigns Ranked'!$C$5:$C$61,$A5) -> 348694.48 | F5: =E5/$E$10 -> 0.41439605 | G5: =IF(B5>0,E5/B5,"") -> 2.0054713
A6: Other | B6: =SUMIFS('All Campaigns Ranked'!$D$5:$D$61,'All Campaigns Ranked'!$C$5:$C$61,$A6) -> 0 | C6: =SUMIFS('All Campaigns Ranked'!$E$5:$E$61,'All Campaigns Ranked'!$C$5:$C$61,$A6) -> 894 | D6: =SUMIFS('All Campaigns Ranked'!$F$5:$F$61,'All Campaigns Ranked'!$C$5:$C$61,$A6) -> 530 | E6: =SUMIFS('All Campaigns Ranked'!$G$5:$G$61,'All Campaigns Ranked'!$C$5:$C$61,$A6) -> 122598.8 | F6: =E6/$E$10 -> 0.14569906 | G6: =IF(B6>0,E6/B6,"")
A7: Direct | B7: =SUMIFS('All Campaigns Ranked'!$D$5:$D$61,'All Campaigns Ranked'!$C$5:$C$61,$A7) -> 0 | C7: =SUMIFS('All Campaigns Ranked'!$E$5:$E$61,'All Campaigns Ranked'!$C$5:$C$61,$A7) -> 192 | D7: =SUMIFS('All Campaigns Ranked'!$F$5:$F$61,'All Campaigns Ranked'!$C$5:$C$61,$A7) -> 111 | E7: =SUMIFS('All Campaigns Ranked'!$G$5:$G$61,'All Campaigns Ranked'!$C$5:$C$61,$A7) -> 16989.16 | F7: =E7/$E$10 -> 0.020190285 | G7: =IF(B7>0,E7/B7,"")
A8: Direct Marketing | B8: =SUMIFS('All Campaigns Ranked'!$D$5:$D$61,'All Campaigns Ranked'!$C$5:$C$61,$A8) -> 0 | C8: =SUMIFS('All Campaigns Ranked'!$E$5:$E$61,'All Campaigns Ranked'!$C$5:$C$61,$A8) -> 10 | D8: =SUMIFS('All Campaigns Ranked'!$F$5:$F$61,'All Campaigns Ranked'!$C$5:$C$61,$A8) -> 9 | E8: =SUMIFS('All Campaigns Ranked'!$G$5:$G$61,'All Campaigns Ranked'!$C$5:$C$61,$A8) -> 1177.06 | F8: =E8/$E$10 -> 0.0013988435 | G8: =IF(B8>0,E8/B8,"")
A9: Artificial Intelligence | B9: =SUMIFS('All Campaigns Ranked'!$D$5:$D$61,'All Campaigns Ranked'!$C$5:$C$61,$A9) -> 0 | C9: =SUMIFS('All Campaigns Ranked'!$E$5:$E$61,'All Campaigns Ranked'!$C$5:$C$61,$A9) -> 10 | D9: =SUMIFS('All Campaigns Ranked'!$F$5:$F$61,'All Campaigns Ranked'!$C$5:$C$61,$A9) -> 8 | E9: =SUMIFS('All Campaigns Ranked'!$G$5:$G$61,'All Campaigns Ranked'!$C$5:$C$61,$A9) -> 0 | F9: =E9/$E$10 -> 0 | G9: =IF(B9>0,E9/B9,"")
A10: Total | B10: =SUM(B4:B9) -> 173871.59 | C10: =SUM(C4:C9) -> 5007 | D10: =SUM(D4:D9) -> 3613 | E10: =SUM(E4:E9) -> 841452.23 | F10: =SUM(F4:F9) -> 1 | G10: =E10/B10 -> 4.8395039
