Workbook

Sheet By Month
A1: Brand-assisted revenue by month (estimate)
A3: Month | B3: Jobs | C3: Brand-assisted revenue | D3: via Direct | E3: via Other | F3: via Organic | G3: via Advertising
A4: 2026-01 | B4: =COUNTIFS(Jobs!$B$5:$B$59,A4) -> 2 | C4: =SUMIFS(Jobs!$C$5:$C$59,Jobs!$B$5:$B$59,A4) -> 894.7 | D4: =SUMIFS(Jobs!$C$5:$C$59,Jobs!$B$5:$B$59,$A4,Jobs!$D$5:$D$59,"Direct") -> 0 | E4: =SUMIFS(Jobs!$C$5:$C$59,Jobs!$B$5:$B$59,$A4,Jobs!$D$5:$D$59,"Other") -> 0 | F4: =SUMIFS(Jobs!$C$5:$C$59,Jobs!$B$5:$B$59,$A4,Jobs!$D$5:$D$59,"Organic") -> 0 | G4: =SUMIFS(Jobs!$C$5:$C$59,Jobs!$B$5:$B$59,$A4,Jobs!$D$5:$D$59,"Advertising") -> 894.7
A5: 2026-02 | B5: =COUNTIFS(Jobs!$B$5:$B$59,A5) -> 0 | C5: =SUMIFS(Jobs!$C$5:$C$59,Jobs!$B$5:$B$59,A5) -> 0 | D5: =SUMIFS(Jobs!$C$5:$C$59,Jobs!$B$5:$B$59,$A5,Jobs!$D$5:$D$59,"Direct") -> 0 | E5: =SUMIFS(Jobs!$C$5:$C$59,Jobs!$B$5:$B$59,$A5,Jobs!$D$5:$D$59,"Other") -> 0 | F5: =SUMIFS(Jobs!$C$5:$C$59,Jobs!$B$5:$B$59,$A5,Jobs!$D$5:$D$59,"Organic") -> 0 | G5: =SUMIFS(Jobs!$C$5:$C$59,Jobs!$B$5:$B$59,$A5,Jobs!$D$5:$D$59,"Advertising") -> 0
A6: 2026-03 | B6: =COUNTIFS(Jobs!$B$5:$B$59,A6) -> 0 | C6: =SUMIFS(Jobs!$C$5:$C$59,Jobs!$B$5:$B$59,A6) -> 0 | D6: =SUMIFS(Jobs!$C$5:$C$59,Jobs!$B$5:$B$59,$A6,Jobs!$D$5:$D$59,"Direct") -> 0 | E6: =SUMIFS(Jobs!$C$5:$C$59,Jobs!$B$5:$B$59,$A6,Jobs!$D$5:$D$59,"Other") -> 0 | F6: =SUMIFS(Jobs!$C$5:$C$59,Jobs!$B$5:$B$59,$A6,Jobs!$D$5:$D$59,"Organic") -> 0 | G6: =SUMIFS(Jobs!$C$5:$C$59,Jobs!$B$5:$B$59,$A6,Jobs!$D$5:$D$59,"Advertising") -> 0
A7: 2026-04 | B7: =COUNTIFS(Jobs!$B$5:$B$59,A7) -> 6 | C7: =SUMIFS(Jobs!$C$5:$C$59,Jobs!$B$5:$B$59,A7) -> 7221.55 | D7: =SUMIFS(Jobs!$C$5:$C$59,Jobs!$B$5:$B$59,$A7,Jobs!$D$5:$D$59,"Direct") -> 0 | E7: =SUMIFS(Jobs!$C$5:$C$59,Jobs!$B$5:$B$59,$A7,Jobs!$D$5:$D$59,"Other") -> 1187.82 | F7: =SUMIFS(Jobs!$C$5:$C$59,Jobs!$B$5:$B$59,$A7,Jobs!$D$5:$D$59,"Organic") -> 6033.73 | G7: =SUMIFS(Jobs!$C$5:$C$59,Jobs!$B$5:$B$59,$A7,Jobs!$D$5:$D$59,"Advertising") -> 0
A8: 2026-05 | B8: =COUNTIFS(Jobs!$B$5:$B$59,A8) -> 1 | C8: =SUMIFS(Jobs!$C$5:$C$59,Jobs!$B$5:$B$59,A8) -> 99 | D8: =SUMIFS(Jobs!$C$5:$C$59,Jobs!$B$5:$B$59,$A8,Jobs!$D$5:$D$59,"Direct") -> 0 | E8: =SUMIFS(Jobs!$C$5:$C$59,Jobs!$B$5:$B$59,$A8,Jobs!$D$5:$D$59,"Other") -> 0 | F8: =SUMIFS(Jobs!$C$5:$C$59,Jobs!$B$5:$B$59,$A8,Jobs!$D$5:$D$59,"Organic") -> 0 | G8: =SUMIFS(Jobs!$C$5:$C$59,Jobs!$B$5:$B$59,$A8,Jobs!$D$5:$D$59,"Advertising") -> 99
A9: 2026-06 | B9: =COUNTIFS(Jobs!$B$5:$B$59,A9) -> 10 | C9: =SUMIFS(Jobs!$C$5:$C$59,Jobs!$B$5:$B$59,A9) -> 27042.32 | D9: =SUMIFS(Jobs!$C$5:$C$59,Jobs!$B$5:$B$59,$A9,Jobs!$D$5:$D$59,"Direct") -> 8433.05 | E9: =SUMIFS(Jobs!$C$5:$C$59,Jobs!$B$5:$B$59,$A9,Jobs!$D$5:$D$59,"Other") -> 433.2 | F9: =SUMIFS(Jobs!$C$5:$C$59,Jobs!$B$5:$B$59,$A9,Jobs!$D$5:$D$59,"Organic") -> 17721.47 | G9: =SUMIFS(Jobs!$C$5:$C$59,Jobs!$B$5:$B$59,$A9,Jobs!$D$5:$D$59,"Advertising") -> 454.6
A10: 2026-07 | B10: =COUNTIFS(Jobs!$B$5:$B$59,A10) -> 6 | C10: =SUMIFS(Jobs!$C$5:$C$59,Jobs!$B$5:$B$59,A10) -> 57723.99 | D10: =SUMIFS(Jobs!$C$5:$C$59,Jobs!$B$5:$B$59,$A10,Jobs!$D$5:$D$59,"Direct") -> 57519.74 | E10: =SUMIFS(Jobs!$C$5:$C$59,Jobs!$B$5:$B$59,$A10,Jobs!$D$5:$D$59,"Other") -> 204.25 | F10: =SUMIFS(Jobs!$C$5:$C$59,Jobs!$B$5:$B$59,$A10,Jobs!$D$5:$D$59,"Organic") -> 0 | G10: =SUMIFS(Jobs!$C$5:$C$59,Jobs!$B$5:$B$59,$A10,Jobs!$D$5:$D$59,"Advertising") -> 0
A11: 2026-08 | B11: =COUNTIFS(Jobs!$B$5:$B$59,A11) -> 14 | C11: =SUMIFS(Jobs!$C$5:$C$59,Jobs!$B$5:$B$59,A11) -> 73246.9 | D11: =SUMIFS(Jobs!$C$5:$C$59,Jobs!$B$5:$B$59,$A11,Jobs!$D$5:$D$59,"Direct") -> 40000 | E11: =SUMIFS(Jobs!$C$5:$C$59,Jobs!$B$5:$B$59,$A11,Jobs!$D$5:$D$59,"Other") -> 17164.86 | F11: =SUMIFS(Jobs!$C$5:$C$59,Jobs!$B$5:$B$59,$A11,Jobs!$D$5:$D$59,"Organic") -> 12340.93 | G11: =SUMIFS(Jobs!$C$5:$C$59,Jobs!$B$5:$B$59,$A11,Jobs!$D$5:$D$59,"Advertising") -> 3741.11
A12: 2026-09 | B12: =COUNTIFS(Jobs!$B$5:$B$59,A12) -> 9 | C12: =SUMIFS(Jobs!$C$5:$C$59,Jobs!$B$5:$B$59,A12) -> 40741.68 | D12: =SUMIFS(Jobs!$C$5:$C$59,Jobs!$B$5:$B$59,$A12,Jobs!$D$5:$D$59,"Direct") -> 0 | E12: =SUMIFS(Jobs!$C$5:$C$59,Jobs!$B$5:$B$59,$A12,Jobs!$D$5:$D$59,"Other") -> 36798.7 | F12: =SUMIFS(Jobs!$C$5:$C$59,Jobs!$B$5:$B$59,$A12,Jobs!$D$5:$D$59,"Organic") -> 908.91 | G12: =SUMIFS(Jobs!$C$5:$C$59,Jobs!$B$5:$B$59,$A12,Jobs!$D$5:$D$59,"Advertising") -> 3034.07
A13: 2026-10 | B13: =COUNTIFS(Jobs!$B$5:$B$59,A13) -> 7 | C13: =SUMIFS(Jobs!$C$5:$C$59,Jobs!$B$5:$B$59,A13) -> 18362.56 | D13: =SUMIFS(Jobs!$C$5:$C$59,Jobs!$B$5:$B$59,$A13,Jobs!$D$5:$D$59,"Direct") -> 0 | E13: =SUMIFS(Jobs!$C$5:$C$59,Jobs!$B$5:$B$59,$A13,Jobs!$D$5:$D$59,"Other") -> 0 | F13: =SUMIFS(Jobs!$C$5:$C$59,Jobs!$B$5:$B$59,$A13,Jobs!$D$5:$D$59,"Organic") -> 13960 | G13: =SUMIFS(Jobs!$C$5:$C$59,Jobs!$B$5:$B$59,$A13,Jobs!$D$5:$D$59,"Advertising") -> 4402.56
A14: Total | B14: =SUM(B4:B13) -> 55 | C14: =SUM(C4:C13) -> 225332.7 | D14: =SUM(D4:D13) -> 105952.79 | E14: =SUM(E4:E13) -> 55788.83 | F14: =SUM(F4:F13) -> 50965.04 | G14: =SUM(G4:G13) -> 12626.04
A16: October covers Oct 1–25. Five jobs make up about 68% of the total; three Direct jobs ($97K) trace to the same March 13 main-line call.

Sheet By Source
A1: Where brand-assisted customers came back through
A3: Channel | B3: Campaign | C3: Jobs | D3: Revenue
A4: Direct | B4: Direct Web Traffic | C4: =COUNTIFS(Jobs!$D$5:$D$59,A4,Jobs!$E$5:$E$59,B4) -> 10 | D4: =SUMIFS(Jobs!$C$5:$C$59,Jobs!$D$5:$D$59,A4,Jobs!$E$5:$E$59,B4) -> 105952.79
A5: Organic | B5: Charleston GBP | Search | C5: =COUNTIFS(Jobs!$D$5:$D$59,A5,Jobs!$E$5:$E$59,B5) -> 6 | D5: =SUMIFS(Jobs!$C$5:$C$59,Jobs!$D$5:$D$59,A5,Jobs!$E$5:$E$59,B5) -> 43264.47
A6: Other | B6: Website | C6: =COUNTIFS(Jobs!$D$5:$D$59,A6,Jobs!$E$5:$E$59,B6) -> 5 | D6: =SUMIFS(Jobs!$C$5:$C$59,Jobs!$D$5:$D$59,A6,Jobs!$E$5:$E$59,B6) -> 37324.93
A7: Other | B7: Uncategorized | C7: =COUNTIFS(Jobs!$D$5:$D$59,A7,Jobs!$E$5:$E$59,B7) -> 6 | D7: =SUMIFS(Jobs!$C$5:$C$59,Jobs!$D$5:$D$59,A7,Jobs!$E$5:$E$59,B7) -> 18030.7
A8: Advertising | B8: PPC_Brand_Core_Myrtle-Beach | C8: =COUNTIFS(Jobs!$D$5:$D$59,A8,Jobs!$E$5:$E$59,B8) -> 9 | D8: =SUMIFS(Jobs!$C$5:$C$59,Jobs!$D$5:$D$59,A8,Jobs!$E$5:$E$59,B8) -> 8983.93
A9: Organic | B9: Myrtle Beach GBP | Search | C9: =COUNTIFS(Jobs!$D$5:$D$59,A9,Jobs!$E$5:$E$59,B9) -> 5 | D9: =SUMIFS(Jobs!$C$5:$C$59,Jobs!$D$5:$D$59,A9,Jobs!$E$5:$E$59,B9) -> 6033.73
A10: Organic | B10: Google Organic | C10: =COUNTIFS(Jobs!$D$5:$D$59,A10,Jobs!$E$5:$E$59,B10) -> 3 | D10: =SUMIFS(Jobs!$C$5:$C$59,Jobs!$D$5:$D$59,A10,Jobs!$E$5:$E$59,B10) -> 1666.84
A11: Advertising | B11: (LSA) Coastal Air Plus (HVAC) / David Long | C11: =COUNTIFS(Jobs!$D$5:$D$59,A11,Jobs!$E$5:$E$59,B11) -> 3 | D11: =SUMIFS(Jobs!$C$5:$C$59,Jobs!$D$5:$D$59,A11,Jobs!$E$5:$E$59,B11) -> 1069.08
A12: Advertising | B12: [V] [Search] | Brand | mCPC | C12: =COUNTIFS(Jobs!$D$5:$D$59,A12,Jobs!$E$5:$E$59,B12) -> 2 | D12: =SUMIFS(Jobs!$C$5:$C$59,Jobs!$D$5:$D$59,A12,Jobs!$E$5:$E$59,B12) -> 894.7
A13: Advertising | B13: Performance Max - HVAC | C13: =COUNTIFS(Jobs!$D$5:$D$59,A13,Jobs!$E$5:$E$59,B13) -> 1 | D13: =SUMIFS(Jobs!$C$5:$C$59,Jobs!$D$5:$D$59,A13,Jobs!$E$5:$E$59,B13) -> 454.6
A14: Advertising | B14: (LSA) Coastal Air Plus (Plumbing) / David Long | C14: =COUNTIFS(Jobs!$D$5:$D$59,A14,Jobs!$E$5:$E$59,B14) -> 1 | D14: =SUMIFS(Jobs!$C$5:$C$59,Jobs!$D$5:$D$59,A14,Jobs!$E$5:$E$59,B14) -> 439
A15: Other | B15: Honey Do List Plumbing Campaign | C15: =COUNTIFS(Jobs!$D$5:$D$59,A15,Jobs!$E$5:$E$59,B15) -> 1 | D15: =SUMIFS(Jobs!$C$5:$C$59,Jobs!$D$5:$D$59,A15,Jobs!$E$5:$E$59,B15) -> 433.2
... A18: Advertising | B18: PPC_Brand_Core_Zip-Code | C18: =COUNTIFS(Jobs!$D$5:$D$59,A18,Jobs!$E$5:$E$59,B18) -> 1 | D18: =SUMIFS(Jobs!$C$5:$C$59,Jobs!$D$5:$D$59,A18,Jobs!$E$5:$E$59,B18) -> 99
B19: Total | C19: =SUM(C4:C18) -> 55 | D19: =SUM(D4:D18) -> 225332.7

Sheet Jobs
A1: Brand-assisted jobs: first contact was a Mainline call, later came back through marketing (Jan 1 – Oct 25, 2026)
A2: Estimate from a job-by-job trace of Searchlight data. Searchlight credits these jobs to Mainline (excluded), so they are not in the report total.
A4: Job closed | B4: Month | C4: Closed revenue | D4: Came back through (channel) | E4: Came back through (campaign) | F4: First Mainline call | G4: Days between
A5: 2026-01-14 | B5: 2026-01 | C5: 744.7 | D5: Advertising | E5: [V] [Search] | Brand | mCPC | F5: 2026-01-14 | G5: 0
A6: 2026-01-21 | B6: 2026-01 | C6: 150 | D6: Advertising | E6: [V] [Search] | Brand | mCPC | F6: 2026-01-21 | G6: 0
A7: 2026-04-02 | B7: 2026-04 | C7: 1152.2 | D7: Organic | E7: Myrtle Beach GBP | Search | F7: 2026-02-02 | G7: 59
A8: 2026-04-03 | B8: 2026-04 | C8: 610.4 | D8: Organic | E8: Myrtle Beach GBP | Search | F8: 2026-02-02 | G8: 60
A9: 2026-04-13 | B9: 2026-04 | C9: 1187.82 | D9: Other | E9: Website | F9: 2026-02-26 | G9: 46
A10: 2026-04-21 | B10: 2026-04 | C10: 424.2 | D10: Organic | E10: Myrtle Beach GBP | Search | F10: 2026-02-02 | G10: 78
A11: 2026-04-23 | B11: 2026-04 | C11: 2237.5 | D11: Organic | E11: Myrtle Beach GBP | Search | F11: 2026-02-02 | G11: 80
A12: 2026-04-27 | B12: 2026-04 | C12: 1609.43 | D12: Organic | E12: Myrtle Beach GBP | Search | F12: 2026-01-21 | G12: 96
A13: 2026-05-18 | B13: 2026-05 | C13: 99 | D13: Advertising | E13: PPC_Brand_Core_Zip-Code | F13: 2026-01-22 | G13: 116
A14: 2026-06-02 | B14: 2026-06 | C14: 417.47 | D14: Organic | E14: Charleston GBP | Search | F14: 2026-01-05 | G14: 148
A15: 2026-06-11 | B15: 2026-06 | C15: 1031.5 | D15: Direct | E15: Direct Web Traffic | F15: 2026-03-13 | G15: 90
A16: 2026-06-13 | B16: 2026-06 | C16: 433.2 | D16: Other | E16: Honey Do List Plumbing Campaign | F16: 2026-01-27 | G16: 137
... A59: 2026-10-22 | B59: 2026-10 | C59: 79 | D59: Advertising | E59: (LSA) Coastal Air Plus (HVAC) / David Long | F59: 2026-05-07 | G59: 168
