Workbook

Sheet Monthly Summary
A1: Monthly Spending by Category
A2: Wells Fargo Everyday Checking (…6004) · Michael J & Carolyn Leigh B Dempsey · 4 statements, 5/27/26 – 9/24/26
A4: Category | B4: June 2026 | C4: July 2026 | D4: August 2026 | E4: September 2026 | F4: 4-Month Total | G4: Monthly Avg
A5: Statement period | B5: 5/27–6/24/26 | C5: 6/25–7/23/26 | D5: 7/24–8/25/26 | E5: 8/26–9/24/26
A6: Housing
A7: A&D Mortgage | B7: =SUMIFS('All Transactions'!$F$5:$F$436,'All Transactions'!$D$5:$D$436,$A7,'All Transactions'!$A$5:$A$436,B$4) -> 3411.1 | C7: =SUMIFS('All Transactions'!$F$5:$F$436,'All Transactions'!$D$5:$D$436,$A7,'All Transactions'!$A$5:$A$436,C$4) -> 3411.1 | D7: =SUMIFS('All Transactions'!$F$5:$F$436,'All Transactions'!$D$5:$D$436,$A7,'All Transactions'!$A$5:$A$436,D$4) -> 3411.1 | E7: =SUMIFS('All Transactions'!$F$5:$F$436,'All Transactions'!$D$5:$D$436,$A7,'All Transactions'!$A$5:$A$436,E$4) -> 3411.1 | F7: =SUM(B7:E7) -> 13644.4 | G7: =F7/4 -> 3411.1
A8: St. James Membership (Club) | B8: =SUMIFS('All Transactions'!$F$5:$F$436,'All Transactions'!$D$5:$D$436,$A8,'All Transactions'!$A$5:$A$436,B$4) -> 1591.78 | C8: =SUMIFS('All Transactions'!$F$5:$F$436,'All Transactions'!$D$5:$D$436,$A8,'All Transactions'!$A$5:$A$436,C$4) -> 1601.56 | D8: =SUMIFS('All Transactions'!$F$5:$F$436,'All Transactions'!$D$5:$D$436,$A8,'All Transactions'!$A$5:$A$436,D$4) -> 1492.11 | E8: =SUMIFS('All Transactions'!$F$5:$F$436,'All Transactions'!$D$5:$D$436,$A8,'All Transactions'!$A$5:$A$436,E$4) -> 1767 | F8: =SUM(B8:E8) -> 6452.45 | G8: =F8/4 -> 1613.1125
A9: St. James Plantation POA Dues | B9: =SUMIFS('All Transactions'!$F$5:$F$436,'All Transactions'!$D$5:$D$436,$A9,'All Transactions'!$A$5:$A$436,B$4) -> 692.95 | C9: =SUMIFS('All Transactions'!$F$5:$F$436,'All Transactions'!$D$5:$D$436,$A9,'All Transactions'!$A$5:$A$436,C$4) -> 0 | D9: =SUMIFS('All Transactions'!$F$5:$F$436,'All Transactions'!$D$5:$D$436,$A9,'All Transactions'!$A$5:$A$436,D$4) -> 0 | E9: =SUMIFS('All Transactions'!$F$5:$F$436,'All Transactions'!$D$5:$D$436,$A9,'All Transactions'!$A$5:$A$436,E$4) -> 0 | F9: =SUM(B9:E9) -> 692.95 | G9: =F9/4 -> 173.2375
A10: Total Housing | B10: =SUM(B7:B9) -> 5695.83 | C10: =SUM(C7:C9) -> 5012.66 | D10: =SUM(D7:D9) -> 4903.21 | E10: =SUM(E7:E9) -> 5178.1 | F10: =SUM(F7:F9) -> 20789.8 | G10: =F10/4 -> 5197.45
A12: Insurance
A13: Allstate Insurance | B13: =SUMIFS('All Transactions'!$F$5:$F$436,'All Transactions'!$D$5:$D$436,$A13,'All Transactions'!$A$5:$A$436,B$4) -> 360.42 | C13: =SUMIFS('All Transactions'!$F$5:$F$436,'All Transactions'!$D$5:$D$436,$A13,'All Transactions'!$A$5:$A$436,C$4) -> 360.42 | D13: =SUMIFS('All Transactions'!$F$5:$F$436,'All Transactions'!$D$5:$D$436,$A13,'All Transactions'!$A$5:$A$436,D$4) -> 475.42 | E13: =SUMIFS('All Transactions'!$F$5:$F$436,'All Transactions'!$D$5:$D$436,$A13,'All Transactions'!$A$5:$A$436,E$4) -> 354.17 | F13: =SUM(B13:E13) -> 1550.43 | G13: =F13/4 -> 387.6075
A14: Life Insurance (Lincoln National) | B14: =SUMIFS('All Transactions'!$F$5:$F$436,'All Transactions'!$D$5:$D$436,$A14,'All Transactions'!$A$5:$A$436,B$4) -> 79.21 | C14: =SUMIFS('All Transactions'!$F$5:$F$436,'All Transactions'!$D$5:$D$436,$A14,'All Transactions'!$A$5:$A$436,C$4) -> 73.61 | D14: =SUMIFS('All Transactions'!$F$5:$F$436,'All Transactions'!$D$5:$D$436,$A14,'All Transactions'!$A$5:$A$436,D$4) -> 73.61 | E14: =SUMIFS('All Transactions'!$F$5:$F$436,'All Transactions'!$D$5:$D$436,$A14,'All Transactions'!$A$5:$A$436,E$4) -> 73.61 | F14: =SUM(B14:E14) -> 300.04 | G14: =F14/4 -> 75.01
A15: Banner Life Insurance | B15: =SUMIFS('All Transactions'!$F$5:$F$436,'All Transactions'!$D$5:$D$436,$A15,'All Transactions'!$A$5:$A$436,B$4) -> 710.06 | C15: =SUMIFS('All Transactions'!$F$5:$F$436,'All Transactions'!$D$5:$D$436,$A15,'All Transactions'!$A$5:$A$436,C$4) -> 710.06 | D15: =SUMIFS('All Transactions'!$F$5:$F$436,'All Transactions'!$D$5:$D$436,$A15,'All Transactions'!$A$5:$A$436,D$4) -> 710.06 | E15: =SUMIFS('All Transactions'!$F$5:$F$436,'All Transactions'!$D$5:$D$436,$A15,'All Transactions'!$A$5:$A$436,E$4) -> 710.06 | F15: =SUM(B15:E15) -> 2840.24 | G15: =F15/4 -> 710.06
A16: Health Insurance – Blue Cross NC | B16: =SUMIFS('All Transactions'!$F$5:$F$436,'All Transactions'!$D$5:$D$436,$A16,'All Transactions'!$A$5:$A$436,B$4) -> 216.25 | C16: =SUMIFS('All Transactions'!$F$5:$F$436,'All Transactions'!$D$5:$D$436,$A16,'All Transactions'!$A$5:$A$436,C$4) -> 0 | D16: =SUMIFS('All Transactions'!$F$5:$F$436,'All Transactions'!$D$5:$D$436,$A16,'All Transactions'!$A$5:$A$436,D$4) -> 432.5 | E16: =SUMIFS('All Transactions'!$F$5:$F$436,'All Transactions'!$D$5:$D$436,$A16,'All Transactions'!$A$5:$A$436,E$4) -> 216.25 | F16: =SUM(B16:E16) -> 865 | G16: =F16/4 -> 216.25
A17: Dental Insurance – Delta Dental | B17: =SUMIFS('All Transactions'!$F$5:$F$436,'All Transactions'!$D$5:$D$436,$A17,'All Transactions'!$A$5:$A$436,B$4) -> 69.36 | C17: =SUMIFS('All Transactions'!$F$5:$F$436,'All Transactions'!$D$5:$D$436,$A17,'All Transactions'!$A$5:$A$436,C$4) -> 69.36 | D17: =SUMIFS('All Transactions'!$F$5:$F$436,'All Transactions'!$D$5:$D$436,$A17,'All Transactions'!$A$5:$A$436,D$4) -> 69.36 | E17: =SUMIFS('All Transactions'!$F$5:$F$436,'All Transactions'!$D$5:$D$436,$A17,'All Transactions'!$A$5:$A$436,E$4) -> 69.36 | F17: =SUM(B17:E17) -> 277.44 | G17: =F17/4 -> 69.36
A18: Total Insurance | B18: =SUM(B13:B17) -> 1435.3 | C18: =SUM(C13:C17) -> 1213.45 | D18: =SUM(D13:D17) -> 1760.95 | E18: =SUM(E13:E17) -> 1423.45 | F18: =SUM(F13:F17) -> 5833.15 | G18: =F18/4 -> 1458.2875
A20: Utilities
A21: Utility – Electric (BEMC) | B21: =SUMIFS('All Transactions'!$F$5:$F$436,'All Transactions'!$D$5:$D$436,$A21,'All Transactions'!$A$5:$A$436,B$4) -> 0 | C21: =SUMIFS('All Transactions'!$F$5:$F$436,'All Transactions'!$D$5:$D$436,$A21,'All Transactions'!$A$5:$A$436,C$4) -> 336.35 | D21: =SUMIFS('All Transactions'!$F$5:$F$436,'All Transactions'!$D$5:$D$436,$A21,'All Transactions'!$A$5:$A$436,D$4) -> 406.96 | E21: =SUMIFS('All Transactions'!$F$5:$F$436,'All Transactions'!$D$5:$D$436,$A21,'All Transactions'!$A$5:$A$436,E$4) -> 419.66 | F21: =SUM(B21:E21) -> 1162.97 | G21: =F21/4 -> 290.7425
A22: Utility – Water/Sewer (Brunswick County) | B22: =SUMIFS('All Transactions'!$F$5:$F$436,'All Transactions'!$D$5:$D$436,$A22,'All Transactions'!$A$5:$A$436,B$4) -> 78.84 | C22: =SUMIFS('All Transactions'!$F$5:$F$436,'All Transactions'!$D$5:$D$436,$A22,'All Transactions'!$A$5:$A$436,C$4) -> 0 | D22: =SUMIFS('All Transactions'!$F$5:$F$436,'All Transactions'!$D$5:$D$436,$A22,'All Transactions'!$A$5:$A$436,D$4) -> 179.33 | E22: =SUMIFS('All Transactions'!$F$5:$F$436,'All Transactions'!$D$5:$D$436,$A22,'All Transactions'!$A$5:$A$436,E$4) -> 84.26 | F22: =SUM(B22:E22) -> 342.43 | G22: =F22/4 -> 85.6075
A23: Total Utilities | B23: =SUM(B21:B22) -> 78.84 | C23: =SUM(C21:C22) -> 336.35 | D23: =SUM(D21:D22) -> 586.29 | E23: =SUM(E21:E22) -> 503.92 | F23: =SUM(F21:F22) -> 1505.4 | G23: =F23/4 -> 376.35
A25: Phone & Internet
A26: Internet – Focus Broadband | B26: =SUMIFS('All Transactions'!$F$5:$F$436,'All Transactions'!$D$5:$D$436,$A26,'All Transactions'!$A$5:$A$436,B$4) -> 80.79 | C26: =SUMIFS('All Transactions'!$F$5:$F$436,'All Transactions'!$D$5:$D$436,$A26,'All Transactions'!$A$5:$A$436,C$4) -> 0 | D26: =SUMIFS('All Transactions'!$F$5:$F$436,'All Transactions'!$D$5:$D$436,$A26,'All Transactions'!$A$5:$A$436,D$4) -> 161.58 | E26: =SUMIFS('All Transactions'!$F$5:$F$436,'All Transactions'!$D$5:$D$436,$A26,'All Transactions'!$A$5:$A$436,E$4) -> 80.79 | F26: =SUM(B26:E26) -> 323.16 | G26: =F26/4 -> 80.79
A27: Verizon Wireless | B27: =SUMIFS('All Transactions'!$F$5:$F$436,'All Transactions'!$D$5:$D$436,$A27,'All Transactions'!$A$5:$A$436,B$4) -> 294.57 | C27: =SUMIFS('All Transactions'!$F$5:$F$436,'All Transactions'!$D$5:$D$436,$A27,'All Transactions'!$A$5:$A$436,C$4) -> 294.8 | D27: =SUMIFS('All Transactions'!$F$5:$F$436,'All Transactions'!$D$5:$D$436,$A27,'All Transactions'!$A$5:$A$436,D$4) -> 436.02 | E27: =SUMIFS('All Transactions'!$F$5:$F$436,'All Transactions'!$D$5:$D$436,$A27,'All Transactions'!$A$5:$A$436,E$4) -> 386.85 | F27: =SUM(B27:E27) -> 1412.24 | G27: =F27/4 -> 353.06
A28: Total Phone & Internet | B28: =SUM(B26:B27) -> 375.36 | C28: =SUM(C26:C27) -> 294.8 | D28: =SUM(D26:D27) -> 597.6 | E28: =SUM(E26:E27) -> 467.64 | F28: =SUM(F26:F27) -> 1735.4 | G28: =F28/4 -> 433.85
A30: Student Loan
A31: Student Loan (Dept of Education) | B31: =SUMIFS('All Transactions'!$F$5:$F$436,'All Transactions'!$D$5:$D$436,$A31,'All Transactions'!$A$5:$A$436,B$4) -> 160.37 | C31: =SUMIFS('All Transactions'!$F$5:$F$436,'All Transactions'!$D$5:$D$436,$A31,'All Transactions'!$A$5:$A$436,C$4) -> 160.37 | D31: =SUMIFS('All Transactions'!$F$5:$F$436,'All Transactions'!$D$5:$D$436,$A31,'All Transactions'!$A$5:$A$436,D$4) -> 160.37 | E31: =SUMIFS('All Transactions'!$F$5:$F$436,'All Transactions'!$D$5:$D$436,$A31,'All Transactions'!$A$5:$A$436,E$4) -> 160.37 | F31: =SUM(B31:E31) -> 641.48 | G31: =F31/4 -> 160.37
A32: Total Student Loan | B32: =SUM(B31:B31) -> 160.37 | C32: =SUM(C31:C31) -> 160.37 | D32: =SUM(D31:D31) -> 160.37 | E32: =SUM(E31:E31) -> 160.37 | F32: =SUM(F31:F31) -> 641.48 | G32: =F32/4 -> 160.37
A34: Groceries
A35: Grocery – Lowes Foods | B35: =SUMIFS('All Transactions'!$F$5:$F$436,'All Transactions'!$D$5:$D$436,$A35,'All Transactions'!$A$5:$A$436,B$4) -> 1145.69 | C35: =SUMIFS('All Transactions'!$F$5:$F$436,'All Transactions'!$D$5:$D$436,$A35,'All Transactions'!$A$5:$A$436,C$4) -> 611.14 | D35: =SUMIFS('All Transactions'!$F$5:$F$436,'All Transactions'!$D$5:$D$436,$A35,'All Transactions'!$A$5:$A$436,D$4) -> 584.25 | E35: =SUMIFS('All Transactions'!$F$5:$F$436,'All Transactions'!$D$5:$D$436,$A35,'All Transactions'!$A$5:$A$436,E$4) -> 571.85 | F35: =SUM(B35:E35) -> 2912.93 | G35: =F35/4 -> 728.2325
A36: Grocery – Publix | B36: =SUMIFS('All Transactions'!$F$5:$F$436,'All Transactions'!$D$5:$D$436,$A36,'All Transactions'!$A$5:$A$436,B$4) -> 120.71 | C36: =SUMIFS('All Transactions'!$F$5:$F$436,'All Transactions'!$D$5:$D$436,$A36,'All Transactions'!$A$5:$A$436,C$4) -> 331.43 | D36: =SUMIFS('All Transactions'!$F$5:$F$436,'All Transactions'!$D$5:$D$436,$A36,'All Transactions'!$A$5:$A$436,D$4) -> 522.68 | E36: =SUMIFS('All Transactions'!$F$5:$F$436,'All Transactions'!$D$5:$D$436,$A36,'All Transactions'!$A$5:$A$436,E$4) -> 630.65 | F36: =SUM(B36:E36) -> 1605.47 | G36: =F36/4 -> 401.3675
A37: Grocery – Food Lion | B37: =SUMIFS('All Transactions'!$F$5:$F$436,'All Transactions'!$D$5:$D$436,$A37,'All Transactions'!$A$5:$A$436,B$4) -> 0 | C37: =SUMIFS('All Transactions'!$F$5:$F$436,'All Transactions'!$D$5:$D$436,$A37,'All Transactions'!$A$5:$A$436,C$4) -> 336.67 | D37: =SUMIFS('All Transactions'!$F$5:$F$436,'All Transactions'!$D$5:$D$436,$A37,'All Transactions'!$A$5:$A$436,D$4) -> 77.34 | E37: =SUMIFS('All Transactions'!$F$5:$F$436,'All Transactions'!$D$5:$D$436,$A37,'All Transactions'!$A$5:$A$436,E$4) -> 0 | F37: =SUM(B37:E37) -> 414.01 | G37: =F37/4 -> 103.5025
A38: Total Groceries | B38: =SUM(B35:B37) -> 1266.4 | C38: =SUM(C35:C37) -> 1279.24 | D38: =SUM(D35:D37) -> 1184.27 | E38: =SUM(E35:E37) -> 1202.5 | F38: =SUM(F35:F37) -> 4932.41 | G38: =F38/4 -> 1233.1025
A40: Food
A41: Other Food Stores (Harris Teeter, Beach Pantry) | B41: =SUMIFS('All Transactions'!$F$5:$F$436,'All Transactions'!$D$5:$D$436,$A41,'All Transactions'!$A$5:$A$436,B$4) -> 263.35 | C41: =SUMIFS('All Transactions'!$F$5:$F$436,'All Transactions'!$D$5:$D$436,$A41,'All Transactions'!$A$5:$A$436,C$4) -> 0 | D41: =SUMIFS('All Transactions'!$F$5:$F$436,'All Transactions'!$D$5:$D$436,$A41,'All Transactions'!$A$5:$A$436,D$4) -> 5.85 | E41: =SUMIFS('All Transactions'!$F$5:$F$436,'All Transactions'!$D$5:$D$436,$A41,'All Transactions'!$A$5:$A$436,E$4) -> 0 | F41: =SUM(B41:E41) -> 269.2 | G41: =F41/4 -> 67.3
A42: Restaurants & Takeout | B42: =SUMIFS('All Transactions'!$F$5:$F$436,'All Transactions'!$D$5:$D$436,$A42,'All Transactions'!$A$5:$A$436,B$4) -> 1019.45 | C42: =SUMIFS('All Transactions'!$F$5:$F$436,'All Transactions'!$D$5:$D$436,$A42,'All Transactions'!$A$5:$A$436,C$4) -> 909.94 | D42: =SUMIFS('All Transactions'!$F$5:$F$436,'All Transactions'!$D$5:$D$436,$A42,'All Transactions'!$A$5:$A$436,D$4) -> 962.62 | E42: =SUMIFS('All Transactions'!$F$5:$F$436,'All Transactions'!$D$5:$D$436,$A42,'All Transactions'!$A$5:$A$436,E$4) -> 839.3 | F42: =SUM(B42:E42) -> 3731.31 | G42: =F42/4 -> 932.8275
A43: Total Food | B43: =SUM(B41:B42) -> 1282.8 | C43: =SUM(C41:C42) -> 909.94 | D43: =SUM(D41:D42) -> 968.47 | E43: =SUM(E41:E42) -> 839.3 | F43: =SUM(F41:F42) -> 4000.51 | G43: =F43/4 -> 1000.1275
A45: Transportation
A46: Gas & Convenience Stores | B46: =SUMIFS('All Transactions'!$F$5:$F$436,'All Transactions'!$D$5:$D$436,$A46,'All Transactions'!$A$5:$A$436,B$4) -> 108.9 | C46: =SUMIFS('All Transactions'!$F$5:$F$436,'All Transactions'!$D$5:$D$436,$A46,'All Transactions'!$A$5:$A$436,C$4) -> 277.87 | D46: =SUMIFS('All Transactions'!$F$5:$F$436,'All Transactions'!$D$5:$D$436,$A46,'All Transactions'!$A$5:$A$436,D$4) -> 167.24 | E46: =SUMIFS('All Transactions'!$F$5:$F$436,'All Transactions'!$D$5:$D$436,$A46,'All Transactions'!$A$5:$A$436,E$4) -> 238.98 | F46: =SUM(B46:E46) -> 792.99 | G46: =F46/4 -> 198.2475
A47: Tolls & Parking | B47: =SUMIFS('All Transactions'!$F$5:$F$436,'All Transactions'!$D$5:$D$436,$A47,'All Transactions'!$A$5:$A$436,B$4) -> 5.84 | C47: =SUMIFS('All Transactions'!$F$5:$F$436,'All Transactions'!$D$5:$D$436,$A47,'All Transactions'!$A$5:$A$436,C$4) -> 0 | D47: =SUMIFS('All Transactions'!$F$5:$F$436,'All Transactions'!$D$5:$D$436,$A47,'All Transactions'!$A$5:$A$436,D$4) -> 18.44 | E47: =SUMIFS('All Transactions'!$F$5:$F$436,'All Transactions'!$D$5:$D$436,$A47,'All Transactions'!$A$5:$A$436,E$4) -> 68.24 | F47: =SUM(B47:E47) -> 92.52 | G47: =F47/4 -> 23.13
A48: Total Transportation | B48: =SUM(B46:B47) -> 114.74 | C48: =SUM(C46:C47) -> 277.87 | D48: =SUM(D46:D47) -> 185.68 | E48: =SUM(E46:E47) -> 307.22 | F48: =SUM(F46:F47) -> 885.51 | G48: =F48/4 -> 221.3775
A50: Streaming
A51: Streaming – YouTube TV (Google) | B51: =SUMIFS('All Transactions'!$F$5:$F$436,'All Transactions'!$D$5:$D$436,$A51,'All Transactions'!$A$5:$A$436,B$4) -> 100.78 | C51: =SUMIFS('All Transactions'!$F$5:$F$436,'All Transactions'!$D$5:$D$436,$A51,'All Transactions'!$A$5:$A$436,C$4) -> 100.78 | D51: =SUMIFS('All Transactions'!$F$5:$F$436,'All Transactions'!$D$5:$D$436,$A51,'All Transactions'!$A$5:$A$436,D$4) -> 89 | E51: =SUMIFS('All Transactions'!$F$5:$F$436,'All Transactions'!$D$5:$D$436,$A51,'All Transactions'!$A$5:$A$436,E$4) -> 132.43 | F51: =SUM(B51:E51) -> 422.99 | G51: =F51/4 -> 105.7475
A52: Streaming – ESPN (Sept billed as Disney Plus) | B52: =SUMIFS('All Transactions'!$F$5:$F$436,'All Transactions'!$D$5:$D$436,$A52,'All Transactions'!$A$5:$A$436,B$4) -> 13.87 | C52: =SUMIFS('All Transactions'!$F$5:$F$436,'All Transactions'!$D$5:$D$436,$A52,'All Transactions'!$A$5:$A$436,C$4) -> 13.87 | D52: =SUMIFS('All Transactions'!$F$5:$F$436,'All Transactions'!$D$5:$D$436,$A52,'All Transactions'!$A$5:$A$436,D$4) -> 13.87 | E52: =SUMIFS('All Transactions'!$F$5:$F$436,'All Transactions'!$D$5:$D$436,$A52,'All Transactions'!$A$5:$A$436,E$4) -> 13.87 | F52: =SUM(B52:E52) -> 55.48 | G52: =F52/4 -> 13.87
A53: Streaming – Disney (via Roku) | B53: =SUMIFS('All Transactions'!$F$5:$F$436,'All Transactions'!$D$5:$D$436,$A53,'All Transactions'!$A$5:$A$436,B$4) -> 20.27 | C53: =SUMIFS('All Transactions'!$F$5:$F$436,'All Transactions'!$D$5:$D$436,$A53,'All Transactions'!$A$5:$A$436,C$4) -> 20.27 | D53: =SUMIFS('All Transactions'!$F$5:$F$436,'All Transactions'!$D$5:$D$436,$A53,'All Transactions'!$A$5:$A$436,D$4) -> 20.27 | E53: =SUMIFS('All Transactions'!$F$5:$F$436,'All Transactions'!$D$5:$D$436,$A53,'All Transactions'!$A$5:$A$436,E$4) -> 20.27 | F53: =SUM(B53:E53) -> 81.08 | G53: =F53/4 -> 20.27
A54: Streaming – HBO Max | B54: =SUMIFS('All Transactions'!$F$5:$F$436,'All Transactions'!$D$5:$D$436,$A54,'All Transactions'!$A$5:$A$436,B$4) -> 19.74 | C54: =SUMIFS('All Transactions'!$F$5:$F$436,'All Transactions'!$D$5:$D$436,$A54,'All Transactions'!$A$5:$A$436,C$4) -> 19.74 | D54: =SUMIFS('All Transactions'!$F$5:$F$436,'All Transactions'!$D$5:$D$436,$A54,'All Transactions'!$A$5:$A$436,D$4) -> 0 | E54: =SUMIFS('All Transactions'!$F$5:$F$436,'All Transactions'!$D$5:$D$436,$A54,'All Transactions'!$A$5:$A$436,E$4) -> 0 | F54: =SUM(B54:E54) -> 39.48 | G54: =F54/4 -> 9.87
A55: Streaming – Hulu | B55: =SUMIFS('All Transactions'!$F$5:$F$436,'All Transactions'!$D$5:$D$436,$A55,'All Transactions'!$A$5:$A$436,B$4) -> 0 | C55: =SUMIFS('All Transactions'!$F$5:$F$436,'All Transactions'!$D$5:$D$436,$A55,'All Transactions'!$A$5:$A$436,C$4) -> 12.8 | D55: =SUMIFS('All Transactions'!$F$5:$F$436,'All Transactions'!$D$5:$D$436,$A55,'All Transactions'!$A$5:$A$436,D$4) -> 12.8 | E55: =SUMIFS('All Transactions'!$F$5:$F$436,'All Transactions'!$D$5:$D$436,$A55,'All Transactions'!$A$5:$A$436,E$4) -> 0 | F55: =SUM(B55:E55) -> 25.6 | G55: =F55/4 -> 6.4
A56: Streaming – Peacock (via Roku) | B56: =SUMIFS('All Transactions'!$F$5:$F$436,'All Transactions'!$D$5:$D$436,$A56,'All Transactions'!$A$5:$A$436,B$4) -> 11.73 | C56: =SUMIFS('All Transactions'!$F$5:$F$436,'All Transactions'!$D$5:$D$436,$A56,'All Transactions'!$A$5:$A$436,C$4) -> 11.73 | D56: =SUMIFS('All Transactions'!$F$5:$F$436,'All Transactions'!$D$5:$D$436,$A56,'All Transactions'!$A$5:$A$436,D$4) -> 0 | E56: =SUMIFS('All Transactions'!$F$5:$F$436,'All Transactions'!$D$5:$D$436,$A56,'All Transactions'!$A$5:$A$436,E$4) -> 0 | F56: =SUM(B56:E56) -> 23.46 | G56: =F56/4 -> 5.865
A57: Streaming – Frndly TV | B57: =SUMIFS('All Transactions'!$F$5:$F$436,'All Transactions'!$D$5:$D$436,$A57,'All Transactions'!$A$5:$A$436,B$4) -> 22.41 | C57: =SUMIFS('All Transactions'!$F$5:$F$436,'All Transactions'!$D$5:$D$436,$A57,'All Transactions'!$A$5:$A$436,C$4) -> 22.41 | D57: =SUMIFS('All Transactions'!$F$5:$F$436,'All Transactions'!$D$5:$D$436,$A57,'All Transactions'!$A$5:$A$436,D$4) -> 22.41 | E57: =SUMIFS('All Transactions'!$F$5:$F$436,'All Transactions'!$D$5:$D$436,$A57,'All Transactions'!$A$5:$A$436,E$4) -> 22.41 | F57: =SUM(B57:E57) -> 89.64 | G57: =F57/4 -> 22.41
A58: Streaming – Netflix | B58: =SUMIFS('All Transactions'!$F$5:$F$436,'All Transactions'!$D$5:$D$436,$A58,'All Transactions'!$A$5:$A$436,B$4) -> 0 | C58: =SUMIFS('All Transactions'!$F$5:$F$436,'All Transactions'!$D$5:$D$436,$A58,'All Transactions'!$A$5:$A$436,C$4) -> 0 | D58: =SUMIFS('All Transactions'!$F$5:$F$436,'All Transactions'!$D$5:$D$436,$A58,'All Transactions'!$A$5:$A$436,D$4) -> 0 | E58: =SUMIFS('All Transactions'!$F$5:$F$436,'All Transactions'!$D$5:$D$436,$A58,'All Transactions'!$A$5:$A$436,E$4) -> 0 | F58: =SUM(B58:E58) -> 0 | G58: =F58/4 -> 0
A59: Total Streaming | B59: =SUM(B51:B58) -> 188.8 | C59: =SUM(C51:C58) -> 201.6 | D59: =SUM(D51:D58) -> 158.35 | E59: =SUM(E51:E58) -> 188.98 | F59: =SUM(F51:F58) -> 737.73 | G59: =F59/4 -> 184.4325
A61: Subscriptions
A62: Software & Online Subscriptions | B62: =SUMIFS('All Transactions'!$F$5:$F$436,'All Transactions'!$D$5:$D$436,$A62,'All Transactions'!$A$5:$A$436,B$4) -> 141.73 | C62: =SUMIFS('All Transactions'!$F$5:$F$436,'All Transactions'!$D$5:$D$436,$A62,'All Transactions'!$A$5:$A$436,C$4) -> 161.05 | D62: =SUMIFS('All Transactions'!$F$5:$F$436,'All Transactions'!$D$5:$D$436,$A62,'All Transactions'!$A$5:$A$436,D$4) -> 65.98 | E62: =SUMIFS('All Transactions'!$F$5:$F$436,'All Transactions'!$D$5:$D$436,$A62,'All Transactions'!$A$5:$A$436,E$4) -> 0 | F62: =SUM(B62:E62) -> 368.76 | G62: =F62/4 -> 92.19
A63: Total Subscriptions | B63: =SUM(B62:B62) -> 141.73 | C63: =SUM(C62:C62) -> 161.05 | D63: =SUM(D62:D62) -> 65.98 | E63: =SUM(E62:E62) -> 0 | F63: =SUM(F62:F62) -> 368.76 | G63: =F63/4 -> 92.19
A65: Health
A66: CVS Pharmacy | B66: =SUMIFS('All Transactions'!$F$5:$F$436,'All Transactions'!$D$5:$D$436,$A66,'All Transactions'!$A$5:$A$436,B$4) -> 160.07 | C66: =SUMIFS('All Transactions'!$F$5:$F$436,'All Transactions'!$D$5:$D$436,$A66,'All Transactions'!$A$5:$A$436,C$4) -> 100.93 | D66: =SUMIFS('All Transactions'!$F$5:$F$436,'All Transactions'!$D$5:$D$436,$A66,'All Transactions'!$A$5:$A$436,D$4) -> 383.24 | E66: =SUMIFS('All Transactions'!$F$5:$F$436,'All Transactions'!$D$5:$D$436,$A66,'All Transactions'!$A$5:$A$436,E$4) -> 0 | F66: =SUM(B66:E66) -> 644.24 | G66: =F66/4 -> 161.06
A67: Medical – Dosher Hospital (Southport) | B67: =SUMIFS('All Transactions'!$F$5:$F$436,'All Transactions'!$D$5:$D$436,$A67,'All Transactions'!$A$5:$A$436,B$4) -> 0 | C67: =SUMIFS('All Transactions'!$F$5:$F$436,'All Transactions'!$D$5:$D$436,$A67,'All Transactions'!$A$5:$A$436,C$4) -> 0 | D67: =SUMIFS('All Transactions'!$F$5:$F$436,'All Transactions'!$D$5:$D$436,$A67,'All Transactions'!$A$5:$A$436,D$4) -> 467.66 | E67: =SUMIFS('All Transactions'!$F$5:$F$436,'All Transactions'!$D$5:$D$436,$A67,'All Transactions'!$A$5:$A$436,E$4) -> 100.28 | F67: =SUM(B67:E67) -> 567.94 | G67: =F67/4 -> 141.985
A68: Medical – Wilmington Eye | B68: =SUMIFS('All Transactions'!$F$5:$F$436,'All Transactions'!$D$5:$D$436,$A68,'All Transactions'!$A$5:$A$436,B$4) -> 0 | C68: =SUMIFS('All Transactions'!$F$5:$F$436,'All Transactions'!$D$5:$D$436,$A68,'All Transactions'!$A$5:$A$436,C$4) -> 0 | D68: =SUMIFS('All Transactions'!$F$5:$F$436,'All Transactions'!$D$5:$D$436,$A68,'All Transactions'!$A$5:$A$436,D$4) -> 0 | E68: =SUMIFS('All Transactions'!$F$5:$F$436,'All Transactions'!$D$5:$D$436,$A68,'All Transactions'!$A$5:$A$436,E$4) -> 60 | F68: =SUM(B68:E68) -> 60 | G68: =F68/4 -> 15
A69: Medical – Granville Medical Center (Oxford) | B69: =SUMIFS('All Transactions'!$F$5:$F$436,'All Transactions'!$D$5:$D$436,$A69,'All Transactions'!$A$5:$A$436,B$4) -> 0 | C69: =SUMIFS('All Transactions'!$F$5:$F$436,'All Transactions'!$D$5:$D$436,$A69,'All Transactions'!$A$5:$A$436,C$4) -> 25.16 | D69: =SUMIFS('All Transactions'!$F$5:$F$436,'All Transactions'!$D$5:$D$436,$A69,'All Transactions'!$A$5:$A$436,D$4) -> 0 | E69: =SUMIFS('All Transactions'!$F$5:$F$436,'All Transactions'!$D$5:$D$436,$A69,'All Transactions'!$A$5:$A$436,E$4) -> 0 | F69: =SUM(B69:E69) -> 25.16 | G69: =F69/4 -> 6.29
A70: Medical – Duke Hospital (Durham, food & parking) | B70: =SUMIFS('All Transactions'!$F$5:$F$436,'All Transactions'!$D$5:$D$436,$A70,'All Transactions'!$A$5:$A$436,B$4) -> 0 | C70: =SUMIFS('All Transactions'!$F$5:$F$436,'All Transactions'!$D$5:$D$436,$A70,'All Transactions'!$A$5:$A$436,C$4) -> 0 | D70: =SUMIFS('All Transactions'!$F$5:$F$436,'All Transactions'!$D$5:$D$436,$A70,'All Transactions'!$A$5:$A$436,D$4) -> 0 | E70: =SUMIFS('All Transactions'!$F$5:$F$436,'All Transactions'!$D$5:$D$436,$A70,'All Transactions'!$A$5:$A$436,E$4) -> 14.75 | F70: =SUM(B70:E70) -> 14.75 | G70: =F70/4 -> 3.6875
A71: Total Health | B71: =SUM(B66:B70) -> 160.07 | C71: =SUM(C66:C70) -> 126.09 | D71: =SUM(D66:D70) -> 850.9 | E71: =SUM(E66:E70) -> 175.03 | F71: =SUM(F66:F70) -> 1312.09 | G71: =F71/4 -> 328.0225
A73: Personal
A74: Haircuts – The Color Bar | B74: =SUMIFS('All Transactions'!$F$5:$F$436,'All Transactions'!$D$5:$D$436,$A74,'All Transactions'!$A$5:$A$436,B$4) -> 182.5 | C74: =SUMIFS('All Transactions'!$F$5:$F$436,'All Transactions'!$D$5:$D$436,$A74,'All Transactions'!$A$5:$A$436,C$4) -> 0 | D74: =SUMIFS('All Transactions'!$F$5:$F$436,'All Transactions'!$D$5:$D$436,$A74,'All Transactions'!$A$5:$A$436,D$4) -> 182.5 | E74: =SUMIFS('All Transactions'!$F$5:$F$436,'All Transactions'!$D$5:$D$436,$A74,'All Transactions'!$A$5:$A$436,E$4) -> 32.5 | F74: =SUM(B74:E74) -> 397.5 | G74: =F74/4 -> 99.375
A75: Personal Care – Simple Beauty | B75: =SUMIFS('All Transactions'!$F$5:$F$436,'All Transactions'!$D$5:$D$436,$A75,'All Transactions'!$A$5:$A$436,B$4) -> 0 | C75: =SUMIFS('All Transactions'!$F$5:$F$436,'All Transactions'!$D$5:$D$436,$A75,'All Transactions'!$A$5:$A$436,C$4) -> 0 | D75: =SUMIFS('All Transactions'!$F$5:$F$436,'All Transactions'!$D$5:$D$436,$A75,'All Transactions'!$A$5:$A$436,D$4) -> 0 | E75: =SUMIFS('All Transactions'!$F$5:$F$436,'All Transactions'!$D$5:$D$436,$A75,'All Transactions'!$A$5:$A$436,E$4) -> 82 | F75: =SUM(B75:E75) -> 82 | G75: =F75/4 -> 20.5
A76: Total Personal | B76: =SUM(B74:B75) -> 182.5 | C76: =SUM(C74:C75) -> 0 | D76: =SUM(D74:D75) -> 182.5 | E76: =SUM(E74:E75) -> 114.5 | F76: =SUM(F74:F75) -> 479.5 | G76: =F76/4 -> 119.875
A78: Retail
A79: Retail – Walmart | B79: =SUMIFS('All Transactions'!$F$5:$F$436,'All Transactions'!$D$5:$D$436,$A79,'All Transactions'!$A$5:$A$436,B$4) -> 0 | C79: =SUMIFS('All Transactions'!$F$5:$F$436,'All Transactions'!$D$5:$D$436,$A79,'All Transactions'!$A$5:$A$436,C$4) -> 132.66 | D79: =SUMIFS('All Transactions'!$F$5:$F$436,'All Transactions'!$D$5:$D$436,$A79,'All Transactions'!$A$5:$A$436,D$4) -> 1732.6 | E79: =SUMIFS('All Transactions'!$F$5:$F$436,'All Transactions'!$D$5:$D$436,$A79,'All Transactions'!$A$5:$A$436,E$4) -> 32.63 | F79: =SUM(B79:E79) -> 1897.89 | G79: =F79/4 -> 474.4725
A80: Retail – Belk (store card payments) | B80: =SUMIFS('All Transactions'!$F$5:$F$436,'All Transactions'!$D$5:$D$436,$A80,'All Transactions'!$A$5:$A$436,B$4) -> 386.69 | C80: =SUMIFS('All Transactions'!$F$5:$F$436,'All Transactions'!$D$5:$D$436,$A80,'All Transactions'!$A$5:$A$436,C$4) -> 948.04 | D80: =SUMIFS('All Transactions'!$F$5:$F$436,'All Transactions'!$D$5:$D$436,$A80,'All Transactions'!$A$5:$A$436,D$4) -> 0 | E80: =SUMIFS('All Transactions'!$F$5:$F$436,'All Transactions'!$D$5:$D$436,$A80,'All Transactions'!$A$5:$A$436,E$4) -> 0 | F80: =SUM(B80:E80) -> 1334.73 | G80: =F80/4 -> 333.6825
A81: Retail – Marshalls | B81: =SUMIFS('All Transactions'!$F$5:$F$436,'All Transactions'!$D$5:$D$436,$A81,'All Transactions'!$A$5:$A$436,B$4) -> 0 | C81: =SUMIFS('All Transactions'!$F$5:$F$436,'All Transactions'!$D$5:$D$436,$A81,'All Transactions'!$A$5:$A$436,C$4) -> 0 | D81: =SUMIFS('All Transactions'!$F$5:$F$436,'All Transactions'!$D$5:$D$436,$A81,'All Transactions'!$A$5:$A$436,D$4) -> 0 | E81: =SUMIFS('All Transactions'!$F$5:$F$436,'All Transactions'!$D$5:$D$436,$A81,'All Transactions'!$A$5:$A$436,E$4) -> 41.59 | F81: =SUM(B81:E81) -> 41.59 | G81: =F81/4 -> 10.3975
A82: Retail – Ross | B82: =SUMIFS('All Transactions'!$F$5:$F$436,'All Transactions'!$D$5:$D$436,$A82,'All Transactions'!$A$5:$A$436,B$4) -> 48.03 | C82: =SUMIFS('All Transactions'!$F$5:$F$436,'All Transactions'!$D$5:$D$436,$A82,'All Transactions'!$A$5:$A$436,C$4) -> 0 | D82: =SUMIFS('All Transactions'!$F$5:$F$436,'All Transactions'!$D$5:$D$436,$A82,'All Transactions'!$A$5:$A$436,D$4) -> 0 | E82: =SUMIFS('All Transactions'!$F$5:$F$436,'All Transactions'!$D$5:$D$436,$A82,'All Transactions'!$A$5:$A$436,E$4) -> 16.32 | F82: =SUM(B82:E82) -> 64.35 | G82: =F82/4 -> 16.0875
A83: Retail – Dillard's | B83: =SUMIFS('All Transactions'!$F$5:$F$436,'All Transactions'!$D$5:$D$436,$A83,'All Transactions'!$A$5:$A$436,B$4) -> 0 | C83: =SUMIFS('All Transactions'!$F$5:$F$436,'All Transactions'!$D$5:$D$436,$A83,'All Transactions'!$A$5:$A$436,C$4) -> 0 | D83: =SUMIFS('All Transactions'!$F$5:$F$436,'All Transactions'!$D$5:$D$436,$A83,'All Transactions'!$A$5:$A$436,D$4) -> 174.74 | E83: =SUMIFS('All Transactions'!$F$5:$F$436,'All Transactions'!$D$5:$D$436,$A83,'All Transactions'!$A$5:$A$436,E$4) -> 0 | F83: =SUM(B83:E83) -> 174.74 | G83: =F83/4 -> 43.685
A84: Retail – Target | B84: =SUMIFS('All Transactions'!$F$5:$F$436,'All Transactions'!$D$5:$D$436,$A84,'All Transactions'!$A$5:$A$436,B$4) -> 58.98 | C84: =SUMIFS('All Transactions'!$F$5:$F$436,'All Transactions'!$D$5:$D$436,$A84,'All Transactions'!$A$5:$A$436,C$4) -> 0 | D84: =SUMIFS('All Transactions'!$F$5:$F$436,'All Transactions'!$D$5:$D$436,$A84,'All Transactions'!$A$5:$A$436,D$4) -> 0 | E84: =SUMIFS('All Transactions'!$F$5:$F$436,'All Transactions'!$D$5:$D$436,$A84,'All Transactions'!$A$5:$A$436,E$4) -> 0 | F84: =SUM(B84:E84) -> 58.98 | G84: =F84/4 -> 14.745
A85: Retail – HomeSense | B85: =SUMIFS('All Transactions'!$F$5:$F$436,'All Transactions'!$D$5:$D$436,$A85,'All Transactions'!$A$5:$A$436,B$4) -> 0 | C85: =SUMIFS('All Transactions'!$F$5:$F$436,'All Transactions'!$D$5:$D$436,$A85,'All Transactions'!$A$5:$A$436,C$4) -> 0 | D85: =SUMIFS('All Transactions'!$F$5:$F$436,'All Transactions'!$D$5:$D$436,$A85,'All Transactions'!$A$5:$A$436,D$4) -> 88.7 | E85: =SUMIFS('All Transactions'!$F$5:$F$436,'All Transactions'!$D$5:$D$436,$A85,'All Transactions'!$A$5:$A$436,E$4) -> 0 | F85: =SUM(B85:E85) -> 88.7 | G85: =F85/4 -> 22.175
A86: Retail – Hobby Lobby | B86: =SUMIFS('All Transactions'!$F$5:$F$436,'All Transactions'!$D$5:$D$436,$A86,'All Transactions'!$A$5:$A$436,B$4) -> 0 | C86: =SUMIFS('All Transactions'!$F$5:$F$436,'All Transactions'!$D$5:$D$436,$A86,'All Transactions'!$A$5:$A$436,C$4) -> 0 | D86: =SUMIFS('All Transactions'!$F$5:$F$436,'All Transactions'!$D$5:$D$436,$A86,'All Transactions'!$A$5:$A$436,D$4) -> 165.67 | E86: =SUMIFS('All Transactions'!$F$5:$F$436,'All Transactions'!$D$5:$D$436,$A86,'All Transactions'!$A$5:$A$436,E$4) -> 37.33 | F86: =SUM(B86:E86) -> 203 | G86: =F86/4 -> 50.75
A87: Retail – Lowe's (home improvement) | B87: =SUMIFS('All Transactions'!$F$5:$F$436,'All Transactions'!$D$5:$D$436,$A87,'All Transactions'!$A$5:$A$436,B$4) -> 27.67 | C87: =SUMIFS('All Transactions'!$F$5:$F$436,'All Transactions'!$D$5:$D$436,$A87,'All Transactions'!$A$5:$A$436,C$4) -> 0 | D87: =SUMIFS('All Transactions'!$F$5:$F$436,'All Transactions'!$D$5:$D$436,$A87,'All Transactions'!$A$5:$A$436,D$4) -> 171.55 | E87: =SUMIFS('All Transactions'!$F$5:$F$436,'All Transactions'!$D$5:$D$436,$A87,'All Transactions'!$A$5:$A$436,E$4) -> 85.27 | F87: =SUM(B87:E87) -> 284.49 | G87: =F87/4 -> 71.1225
A88: Retail – Cat on a Whisk | B88: =SUMIFS('All Transactions'!$F$5:$F$436,'All Transactions'!$D$5:$D$436,$A88,'All Transactions'!$A$5:$A$436,B$4) -> 0 | C88: =SUMIFS('All Transactions'!$F$5:$F$436,'All Transactions'!$D$5:$D$436,$A88,'All Transactions'!$A$5:$A$436,C$4) -> 0 | D88: =SUMIFS('All Transactions'!$F$5:$F$436,'All Transactions'!$D$5:$D$436,$A88,'All Transactions'!$A$5:$A$436,D$4) -> 0 | E88: =SUMIFS('All Transactions'!$F$5:$F$436,'All Transactions'!$D$5:$D$436,$A88,'All Transactions'!$A$5:$A$436,E$4) -> 24.51 | F88: =SUM(B88:E88) -> 24.51 | G88: =F88/4 -> 6.1275
A89: Retail – Tractor Supply | B89: =SUMIFS('All Transactions'!$F$5:$F$436,'All Transactions'!$D$5:$D$436,$A89,'All Transactions'!$A$5:$A$436,B$4) -> 0 | C89: =SUMIFS('All Transactions'!$F$5:$F$436,'All Transactions'!$D$5:$D$436,$A89,'All Transactions'!$A$5:$A$436,C$4) -> 0 | D89: =SUMIFS('All Transactions'!$F$5:$F$436,'All Transactions'!$D$5:$D$436,$A89,'All Transactions'!$A$5:$A$436,D$4) -> 29.86 | E89: =SUMIFS('All Transactions'!$F$5:$F$436,'All Transactions'!$D$5:$D$436,$A89,'All Transactions'!$A$5:$A$436,E$4) -> 0 | F89: =SUM(B89:E89) -> 29.86 | G89: =F89/4 -> 7.465
A90: Retail – Dick's Sporting Goods | B90: =SUMIFS('All Transactions'!$F$5:$F$436,'All Transactions'!$D$5:$D$436,$A90,'All Transactions'!$A$5:$A$436,B$4) -> 0 | C90: =SUMIFS('All Transactions'!$F$5:$F$436,'All Transactions'!$D$5:$D$436,$A90,'All Transactions'!$A$5:$A$436,C$4) -> 63.61 | D90: =SUMIFS('All Transactions'!$F$5:$F$436,'All Transactions'!$D$5:$D$436,$A90,'All Transactions'!$A$5:$A$436,D$4) -> 0 | E90: =SUMIFS('All Transactions'!$F$5:$F$436,'All Transactions'!$D$5:$D$436,$A90,'All Transactions'!$A$5:$A$436,E$4) -> 0 | F90: =SUM(B90:E90) -> 63.61 | G90: =F90/4 -> 15.9025
... A94: Retail – Local shops (Hippie Chick, Southport Spices, Mad River, Coastal Carolina) | B94: =SUMIFS('All Transactions'!$F$5:$F$436,'All Transactions'!$D$5:$D$436,$A94,'All Transactions'!$A$5:$A$436,B$4) -> 108.03 | C94: =SUMIFS('All Transactions'!$F$5:$F$436,'All Transactions'!$D$5:$D$436,$A94,'All Transactions'!$A$5:$A$436,C$4) -> 0 | D94: =SUMIFS('All Transactions'!$F$5:$F$436,'All Transactions'!$D$5:$D$436,$A94,'All Transactions'!$A$5:$A$436,D$4) -> 0 | E94: =SUMIFS('All Transactions'!$F$5:$F$436,'All Transactions'!$D$5:$D$436,$A94,'All Transactions'!$A$5:$A$436,E$4) -> 119.97 | F94: =SUM(B94:E94) -> 228 | G94: =F94/4 -> 57
A95: Total Retail | B95: =SUM(B79:B94) -> 815.42 | C95: =SUM(C79:C94) -> 1150.18 | D95: =SUM(D79:D94) -> 2380.47 | E95: =SUM(E79:E94) -> 357.62 | F95: =SUM(F79:F94) -> 4703.69 | G95: =F95/4 -> 1175.9225
A97: Home
A98: Yard Company (NextGen) | B98: =SUMIFS('All Transactions'!$F$5:$F$436,'All Transactions'!$D$5:$D$436,$A98,'All Transactions'!$A$5:$A$436,B$4) -> 60 | C98: =SUMIFS('All Transactions'!$F$5:$F$436,'All Transactions'!$D$5:$D$436,$A98,'All Transactions'!$A$5:$A$436,C$4) -> 100 | D98: =SUMIFS('All Transactions'!$F$5:$F$436,'All Transactions'!$D$5:$D$436,$A98,'All Transactions'!$A$5:$A$436,D$4) -> 220 | E98: =SUMIFS('All Transactions'!$F$5:$F$436,'All Transactions'!$D$5:$D$436,$A98,'All Transactions'!$A$5:$A$436,E$4) -> 120 | F98: =SUM(B98:E98) -> 500 | G98: =F98/4 -> 125
A99: Home Services (Pest Control, Lawn Treatment) | B99: =SUMIFS('All Transactions'!$F$5:$F$436,'All Transactions'!$D$5:$D$436,$A99,'All Transactions'!$A$5:$A$436,B$4) -> 0 | C99: =SUMIFS('All Transactions'!$F$5:$F$436,'All Transactions'!$D$5:$D$436,$A99,'All Transactions'!$A$5:$A$436,C$4) -> 142.05 | D99: =SUMIFS('All Transactions'!$F$5:$F$436,'All Transactions'!$D$5:$D$436,$A99,'All Transactions'!$A$5:$A$436,D$4) -> 104 | E99: =SUMIFS('All Transactions'!$F$5:$F$436,'All Transactions'!$D$5:$D$436,$A99,'All Transactions'!$A$5:$A$436,E$4) -> 0 | F99: =SUM(B99:E99) -> 246.05 | G99: =F99/4 -> 61.5125
A100: Total Home | B100: =SUM(B98:B99) -> 60 | C100: =SUM(C98:C99) -> 242.05 | D100: =SUM(D98:D99) -> 324 | E100: =SUM(E98:E99) -> 120 | F100: =SUM(F98:F99) -> 746.05 | G100: =F100/4 -> 186.5125
A102: Travel
A103: Travel (Lyft, Hotel) | B103: =SUMIFS('All Transactions'!$F$5:$F$436,'All Transactions'!$D$5:$D$436,$A103,'All Transactions'!$A$5:$A$436,B$4) -> 102.65 | C103: =SUMIFS('All Transactions'!$F$5:$F$436,'All Transactions'!$D$5:$D$436,$A103,'All Transactions'!$A$5:$A$436,C$4) -> 0 | D103: =SUMIFS('All Transactions'!$F$5:$F$436,'All Transactions'!$D$5:$D$436,$A103,'All Transactions'!$A$5:$A$436,D$4) -> 0 | E103: =SUMIFS('All Transactions'!$F$5:$F$436,'All Transactions'!$D$5:$D$436,$A103,'All Transactions'!$A$5:$A$436,E$4) -> 0 | F103: =SUM(B103:E103) -> 102.65 | G103: =F103/4 -> 25.6625
A104: Total Travel | B104: =SUM(B103:B103) -> 102.65 | C104: =SUM(C103:C103) -> 0 | D104: =SUM(D103:D103) -> 0 | E104: =SUM(E103:E103) -> 0 | F104: =SUM(F103:F103) -> 102.65 | G104: =F104/4 -> 25.6625
A106: Recreation
A107: St. James Marina | B107: =SUMIFS('All Transactions'!$F$5:$F$436,'All Transactions'!$D$5:$D$436,$A107,'All Transactions'!$A$5:$A$436,B$4) -> 0 | C107: =SUMIFS('All Transactions'!$F$5:$F$436,'All Transactions'!$D$5:$D$436,$A107,'All Transactions'!$A$5:$A$436,C$4) -> 33.54 | D107: =SUMIFS('All Transactions'!$F$5:$F$436,'All Transactions'!$D$5:$D$436,$A107,'All Transactions'!$A$5:$A$436,D$4) -> 0 | E107: =SUMIFS('All Transactions'!$F$5:$F$436,'All Transactions'!$D$5:$D$436,$A107,'All Transactions'!$A$5:$A$436,E$4) -> 0 | F107: =SUM(B107:E107) -> 33.54 | G107: =F107/4 -> 8.385
A108: Entertainment (Surf Cinema) | B108: =SUMIFS('All Transactions'!$F$5:$F$436,'All Transactions'!$D$5:$D$436,$A108,'All Transactions'!$A$5:$A$436,B$4) -> 0 | C108: =SUMIFS('All Transactions'!$F$5:$F$436,'All Transactions'!$D$5:$D$436,$A108,'All Transactions'!$A$5:$A$436,C$4) -> 0 | D108: =SUMIFS('All Transactions'!$F$5:$F$436,'All Transactions'!$D$5:$D$436,$A108,'All Transactions'!$A$5:$A$436,D$4) -> 13.5 | E108: =SUMIFS('All Transactions'!$F$5:$F$436,'All Transactions'!$D$5:$D$436,$A108,'All Transactions'!$A$5:$A$436,E$4) -> 0 | F108: =SUM(B108:E108) -> 13.5 | G108: =F108/4 -> 3.375
A109: Total Recreation | B109: =SUM(B107:B108) -> 0 | C109: =SUM(C107:C108) -> 33.54 | D109: =SUM(D107:D108) -> 13.5 | E109: =SUM(E107:E108) -> 0 | F109: =SUM(F107:F108) -> 47.04 | G109: =F109/4 -> 11.76
A111: Transfers
A112: Transfers to People (Venmo/Zelle) | B112: =SUMIFS('All Transactions'!$F$5:$F$436,'All Transactions'!$D$5:$D$436,$A112,'All Transactions'!$A$5:$A$436,B$4) -> 75 | C112: =SUMIFS('All Transactions'!$F$5:$F$436,'All Transactions'!$D$5:$D$436,$A112,'All Transactions'!$A$5:$A$436,C$4) -> 764.05 | D112: =SUMIFS('All Transactions'!$F$5:$F$436,'All Transactions'!$D$5:$D$436,$A112,'All Transactions'!$A$5:$A$436,D$4) -> 331.5 | E112: =SUMIFS('All Transactions'!$F$5:$F$436,'All Transactions'!$D$5:$D$436,$A112,'All Transactions'!$A$5:$A$436,E$4) -> 130 | F112: =SUM(B112:E112) -> 1300.55 | G112: =F112/4 -> 325.1375
A113: Total Transfers | B113: =SUM(B112:B112) -> 75 | C113: =SUM(C112:C112) -> 764.05 | D113: =SUM(D112:D112) -> 331.5 | E113: =SUM(E112:E112) -> 130 | F113: =SUM(F112:F112) -> 1300.55 | G113: =F113/4 -> 325.1375
A115: Other
A116: Donations & Clubs (Kiwanis) | B116: =SUMIFS('All Transactions'!$F$5:$F$436,'All Transactions'!$D$5:$D$436,$A116,'All Transactions'!$A$5:$A$436,B$4) -> 0 | C116: =SUMIFS('All Transactions'!$F$5:$F$436,'All Transactions'!$D$5:$D$436,$A116,'All Transactions'!$A$5:$A$436,C$4) -> 0 | D116: =SUMIFS('All Transactions'!$F$5:$F$436,'All Transactions'!$D$5:$D$436,$A116,'All Transactions'!$A$5:$A$436,D$4) -> 0 | E116: =SUMIFS('All Transactions'!$F$5:$F$436,'All Transactions'!$D$5:$D$436,$A116,'All Transactions'!$A$5:$A$436,E$4) -> 200 | F116: =SUM(B116:E116) -> 200 | G116: =F116/4 -> 50
A117: Cash (ATM) & Bank Fees | B117: =SUMIFS('All Transactions'!$F$5:$F$436,'All Transactions'!$D$5:$D$436,$A117,'All Transactions'!$A$5:$A$436,B$4) -> 0 | C117: =SUMIFS('All Transactions'!$F$5:$F$436,'All Transactions'!$D$5:$D$436,$A117,'All Transactions'!$A$5:$A$436,C$4) -> 0 | D117: =SUMIFS('All Transactions'!$F$5:$F$436,'All Transactions'!$D$5:$D$436,$A117,'All Transactions'!$A$5:$A$436,D$4) -> 0 | E117: =SUMIFS('All Transactions'!$F$5:$F$436,'All Transactions'!$D$5:$D$436,$A117,'All Transactions'!$A$5:$A$436,E$4) -> 147 | F117: =SUM(B117:E117) -> 147 | G117: =F117/4 -> 36.75
A118: Total Other | B118: =SUM(B116:B117) -> 0 | C118: =SUM(C116:C117) -> 0 | D118: =SUM(D116:D117) -> 0 | E118: =SUM(E116:E117) -> 347 | F118: =SUM(F116:F117) -> 347 | G118: =F118/4 -> 86.75
A120: TOTAL SPENDING | B120: =B10+B18+B23+B28+B32+B38+B43+B48+B59+B63+B71+B76+B95+B100+B104+B109+B113+B118 -> 12135.81 | C120: =C10+C18+C23+C28+C32+C38+C43+C48+C59+C63+C71+C76+C95+C100+C104+C109+C113+C118 -> 12163.24 | D120: =D10+D18+D23+D28+D32+D38+D43+D48+D59+D63+D71+D76+D95+D100+D104+D109+D113+D118 -> 14654.04 | E120: =E10+E18+E23+E28+E32+E38+E43+E48+E59+E63+E71+E76+E95+E100+E104+E109+E113+E118 -> 11515.63 | F120: =F10+F18+F23+F28+F32+F38+F43+F48+F59+F63+F71+F76+F95+F100+F104+F109+F113+F118 -> 50468.72 | G120: =F120/4 -> 12617.18
A123: Category Totals
A124: Category | B124: June 2026 | C124: July 2026 | D124: August 2026 | E124: September 2026 | F124: 4-Month Total | G124: Monthly Avg
...

Sheet Monthly Detail
A1: Monthly Detail — Every Spending Transaction
A2: Grouped by month, then category (same order as the Monthly Summary). Items not counted as spending are on the "Not Counted as Spending" tab.
A4: June 2026 · statement period 5/27–6/24/26
A5: Date | B5: Description | C5: Category | D5: Amount
A6: 46189 | B6: A&D Mortgage LLC Re Payment | C6: A&D Mortgage | D6: 3411.1
C7: Subtotal – A&D Mortgage | D7: =SUM(D6:D6) -> 3411.1
A8: 46195 | B8: St James 7134 Pap | C8: St. James Membership (Club) | D8: 1591.78
C9: Subtotal – St. James Membership (Club) | D9: =SUM(D8:D8) -> 1591.78
A10: 46182 | B10: St James Plantat Assn Dues | C10: St. James Plantation POA Dues | D10: 692.95
C11: Subtotal – St. James Plantation POA Dues | D11: =SUM(D10:D10) -> 692.95
A12: 46195 | B12: Allstate *Paymn | C12: Allstate Insurance | D12: 360.42
C13: Subtotal – Allstate Insurance | D13: =SUM(D12:D12) -> 360.42
A14: 46190 | B14: +Lincoln Nationa EDI Pymnt | C14: Life Insurance (Lincoln National) | D14: 79.21
C15: Subtotal – Life Insurance (Lincoln National) | D15: =SUM(D14:D14) -> 79.21
A16: 46181 | B16: Banner Life Prem Debit 17180884647 | C16: Banner Life Insurance | D16: 710.06
C17: Subtotal – Banner Life Insurance | D17: =SUM(D16:D16) -> 710.06
A18: 46169 | B18: Aci*Blue Cross NC Durham NC | C18: Health Insurance – Blue Cross NC | D18: 216.25
C19: Subtotal – Health Insurance – Blue Cross NC | D19: =SUM(D18:D18) -> 216.25
A20: 46181 | B20: Delta Dental of Delta Dent | C20: Dental Insurance – Delta Dental | D20: 69.36
C21: Subtotal – Dental Insurance – Delta Dental | D21: =SUM(D20:D20) -> 69.36
A22: 46183 | B22: Opc*Brunswick CO U | C22: Utility – Water/Sewer (Brunswick County) | D22: 75.89
A23: 46183 | B23: Opc Utl*Service Fe | C23: Utility – Water/Sewer (Brunswick County) | D23: 2.95
C24: Subtotal – Utility – Water/Sewer (Brunswick County) | D24: =SUM(D22:D23) -> 78.84
A25: 46182 | B25: Focus Broadband Clover.Com NC | C25: Internet – Focus Broadband | D25: 80.79
C26: Subtotal – Internet – Focus Broadband | D26: =SUM(D25:D25) -> 80.79
A27: 46195 | B27: Verizon Wireless Payments | C27: Verizon Wireless | D27: 294.57
C28: Subtotal – Verizon Wireless | D28: =SUM(D27:D27) -> 294.57
A29: 46188 | B29: Dept Education Student Ln 0000 | C29: Student Loan (Dept of Education) | D29: 160.37
C30: Subtotal – Student Loan (Dept of Education) | D30: =SUM(D29:D29) -> 160.37
A31: 46171 | B31: Lowes Food #235 Bolivia NC | C31: Grocery – Lowes Foods | D31: 125.08
A32: 46174 | B32: Lowes Foods #27 Southport NC | C32: Grocery – Lowes Foods | D32: 37.15
A33: 46177 | B33: Lowes Foods #27 Southport NC | C33: Grocery – Lowes Foods | D33: 225.23
A34: 46184 | B34: Lowes Food #235 Bolivia NC | C34: Grocery – Lowes Foods | D34: 53.35
A35: 46185 | B35: Lowes Foods #27 Southport NC | C35: Grocery – Lowes Foods | D35: 370.59
A36: 46189 | B36: Lowe's Foods #1 Oak Island NC | C36: Grocery – Lowes Foods | D36: 54.04
A37: 46191 | B37: Lowe's Foods #1 Oak Island NC | C37: Grocery – Lowes Foods | D37: 54.62
A38: 46195 | B38: Lowes Foods #27 Southport NC | C38: Grocery – Lowes Foods | D38: 225.63
C39: Subtotal – Grocery – Lowes Foods | D39: =SUM(D31:D38) -> 1145.69
A40: 46190 | B40: Publix #1703 Oak Island NC | C40: Grocery – Publix | D40: 120.71
C41: Subtotal – Grocery – Publix | D41: =SUM(D40:D40) -> 120.71
A42: 46190 | B42: Harris Teeter #0258 Charlotte | C42: Other Food Stores (Harris Teeter, Beach Pantry) | D42: 177.33
A43: 46190 | B43: Harris Teeter #2 8644 Uni | C43: Other Food Stores (Harris Teeter, Beach Pantry) | D43: 86.02
C44: Subtotal – Other Food Stores (Harris Teeter, Beach Pantry) | D44: =SUM(D42:D43) -> 263.35
A45: 46169 | B45: Chipotle 4232 Conway SC | C45: Restaurants & Takeout | D45: 24.53
A46: 46170 | B46: Chick-Fil-A #04769 Shallotte NC | C46: Restaurants & Takeout | D46: 11.2
A47: 46170 | B47: Dairy Queen #15351 Supply NC | C47: Restaurants & Takeout | D47: 7.35
A48: 46174 | B48: DD *Doordash Bella | C48: Restaurants & Takeout | D48: 62.84
A49: 46174 | B49: Lil & Johnssweetreat 2 Oak | C49: Restaurants & Takeout | D49: 22.1
A50: 46174 | B50: DD *Doordash Sanfe | C50: Restaurants & Takeout | D50: 79.54
A51: 46174 | B51: Lil & Johnssweetreat 2 Oak | C51: Restaurants & Takeout | D51: 9.82
A52: 46175 | B52: Par*Drift Coffee & Wilmington | C52: Restaurants & Takeout | D52: 29.61
A53: 46175 | B53: Starbucks 18295 Wilmington NC | C53: Restaurants & Takeout | D53: 6.23
A54: 46176 | B54: McDonald's F16312 Sunset | C54: Restaurants & Takeout | D54: 8.51
A55: 46176 | B55: Ctlp*Pepsi Bottlin Raleigh NC | C55: Restaurants & Takeout | D55: 2.15
A56: 46176 | B56: Ctlp*Pepsi Bottlin Raleigh NC | C56: Restaurants & Takeout | D56: 2.15
... A91: 46195 | B91: Tst*Lucca Italian Shallotte NC | C91: Restaurants & Takeout | D91: 20.94
C92: Subtotal – Restaurants & Takeout | D92: =SUM(D45:D91) -> 1019.45
A93: 46178 | B93: Bp#1820398Han-D Bolivia NC | C93: Gas & Convenience Stores | D93: 4.78
A94: 46182 | B94: Hh 21 Winnabow NC | C94: Gas & Convenience Stores | D94: 6.39
A95: 46183 | B95: Wawa 6129 Garner NC | C95: Gas & Convenience Stores | D95: 53.61
A96: 46189 | B96: Bp#2000867Rods Wadesboro | C96: Gas & Convenience Stores | D96: 8.54
A97: 46195 | B97: Anson Mart Citgo Wadesboro | C97: Gas & Convenience Stores | D97: 30
A98: 46195 | B98: Bp#6458525Sam's Pi Bolton NC | C98: Gas & Convenience Stores | D98: 5.58
C99: Subtotal – Gas & Convenience Stores | D99: =SUM(D93:D98) -> 108.9
A100: 46182 | B100: NC Quick Pass 877-769-7277 NC | C100: Tolls & Parking | D100: 5.84
C101: Subtotal – Tolls & Parking | D101: =SUM(D100:D100) -> 5.84
A102: 46171 | B102: Google *Youtube Tv | C102: Streaming – YouTube TV (Google) | D102: 89
A103: 46171 | B103: Google *Youtube Tv | C103: Streaming – YouTube TV (Google) | D103: 11.78
C104: Subtotal – Streaming – YouTube TV (Google) | D104: =SUM(D102:D103) -> 100.78
A105: 46188 | B105: Espn 800-7271800 NY | C105: Streaming – ESPN (Sept billed as Disney Plus) | D105: 13.87
C106: Subtotal – Streaming – ESPN (Sept billed as Disney Plus) | D106: =SUM(D105:D105) -> 13.87
A107: 46171 | B107: Roku for Disney El | C107: Streaming – Disney (via Roku) | D107: 20.27
C108: Subtotal – Streaming – Disney (via Roku) | D108: =SUM(D107:D107) -> 20.27
A109: 46195 | B109: Help.Hbomax.Com | C109: Streaming – HBO Max | D109: 19.74
C110: Subtotal – Streaming – HBO Max | D110: =SUM(D109:D109) -> 19.74
A111: 46195 | B111: Roku for Peacock T | C111: Streaming – Peacock (via Roku) | D111: 11.73
C112: Subtotal – Streaming – Peacock (via Roku) | D112: =SUM(D111:D111) -> 11.73
A113: 46178 | B113: Frndlytv Inc*+ 1Ad | C113: Streaming – Frndly TV | D113: 22.41
C114: Subtotal – Streaming – Frndly TV | D114: =SUM(D113:D113) -> 22.41
A115: 46174 | B115: Apple.Com/Bill 866-712-7753 | C115: Software & Online Subscriptions | D115: 13.8
A116: 46182 | B116: Propertyrecs.Com | C116: Software & Online Subscriptions | D116: 20
A117: 46188 | B117: Invoicesimple | C117: Software & Online Subscriptions | D117: 4.99
A118: 46191 | B118: Adobe Inc | C118: Software & Online Subscriptions | D118: 75.06
A119: 46195 | B119: Apple.Com/Bill 866-712-7753 | C119: Software & Online Subscriptions | D119: 4.88
A120: 46196 | B120: Ww Int'L-Digital | C120: Software & Online Subscriptions | D120: 23
C121: Subtotal – Software & Online Subscriptions | D121: =SUM(D115:D120) -> 141.73
A122: 46195 | B122: Cvs/Pharmacy #0738 South Port | C122: CVS Pharmacy | D122: 124.87
A123: 46195 | B123: Cvs/Pharmacy #07382 | C123: CVS Pharmacy | D123: 35.2
C124: Subtotal – CVS Pharmacy | D124: =SUM(D122:D123) -> 160.07
A125: 46178 | B125: The Color Bar Hair Oak Island NC | C125: Haircuts – The Color Bar | D125: 150
A126: 46197 | B126: The Color Bar Hair Oak Island NC | C126: Haircuts – The Color Bar | D126: 32.5
C127: Subtotal – Haircuts – The Color Bar | D127: =SUM(D125:D126) -> 182.5
A128: 46170 | B128: Belk Syf Paymnt May 28 604583156390724 Dempseyleigh | C128: Retail – Belk (store card payments) | D128: 386.69
C129: Subtotal – Retail – Belk (store card payments) | D129: =SUM(D128:D128) -> 386.69
A130: 46183 | B130: Ross Store #2284 Shallotte NC | C130: Retail – Ross | D130: 48.03
C131: Subtotal – Retail – Ross | D131: =SUM(D130:D130) -> 48.03
A132: 46191 | B132: Target T-1081 Charlotte NC | C132: Retail – Target | D132: 58.98
C133: Subtotal – Retail – Target | D133: =SUM(D132:D132) -> 58.98
A134: 46181 | B134: Lowe's #682 Southport NC | C134: Retail – Lowe's (home improvement) | D134: 27.67
C135: Subtotal – Retail – Lowe's (home improvement) | D135: =SUM(D134:D134) -> 27.67
...

Sheet August Differences
A1: Why August Was Higher
A2: August statement (7/24–8/25/26) compared with the average of the June, July and September statements. Sorted by largest increase.
A4: Line item | B4: August | C4: Avg of Jun, Jul, Sep | D4: Difference | E4: What happened in August
A5: Retail – Walmart | B5: ='Monthly Summary'!D79 -> 1732.6 | C5: =AVERAGE('Monthly Summary'!B79,'Monthly Summary'!C79,'Monthly Summary'!E79) -> 55.096667 | D5: =B5-C5 -> 1677.5033 | E5: One large purchase of $1,461.90 on 7/31 (Southport). Aug charges: 7/31 $1,461.90; 8/10 $145.54; 8/20 $125.16
A6: Medical – Dosher Hospital (Southport) | B6: ='Monthly Summary'!D67 -> 467.66 | C6: =AVERAGE('Monthly Summary'!B67,'Monthly Summary'!C67,'Monthly Summary'!E67) -> 33.426667 | D6: =B6-C6 -> 434.23333 | E6: Aug charges: 7/29 $342.66; 8/14 $125.00
A7: CVS Pharmacy | B7: ='Monthly Summary'!D66 -> 383.24 | C7: =AVERAGE('Monthly Summary'!B66,'Monthly Summary'!C66,'Monthly Summary'!E66) -> 87 | D7: =B7-C7 -> 296.24 | E7: Aug charges: 7/31 $202.55; 8/6 $149.55; 8/19 $31.14
A8: Health Insurance – Blue Cross NC | B8: ='Monthly Summary'!D16 -> 432.5 | C8: =AVERAGE('Monthly Summary'!B16,'Monthly Summary'!C16,'Monthly Summary'!E16) -> 144.16667 | D8: =B8-C8 -> 288.33333 | E8: Two months paid in one charge; no Blue Cross payment fell in the July period. Aug charges: 7/29 $432.50
A9: Retail – Dillard's | B9: ='Monthly Summary'!D83 -> 174.74 | C9: =AVERAGE('Monthly Summary'!B83,'Monthly Summary'!C83,'Monthly Summary'!E83) -> 0 | D9: =B9-C9 -> 174.74 | E9: Aug charges: 8/14 $120.44; 8/24 $54.30
A10: Grocery – Publix | B10: ='Monthly Summary'!D36 -> 522.68 | C10: =AVERAGE('Monthly Summary'!B36,'Monthly Summary'!C36,'Monthly Summary'!E36) -> 360.93 | D10: =B10-C10 -> 161.75 | E10: Aug charges: 7/27 $85.70; 8/3 $239.44; 8/5 $15.39; 8/11 $182.15
A11: Utility – Electric (BEMC) | B11: ='Monthly Summary'!D21 -> 406.96 | C11: =AVERAGE('Monthly Summary'!B21,'Monthly Summary'!C21,'Monthly Summary'!E21) -> 252.00333 | D11: =B11-C11 -> 154.95667 | E11: No BEMC payment fell in the June period, so the other-month average is low. Aug charges: 7/29 $406.96
A12: Retail – Hobby Lobby | B12: ='Monthly Summary'!D86 -> 165.67 | C12: =AVERAGE('Monthly Summary'!B86,'Monthly Summary'!C86,'Monthly Summary'!E86) -> 12.443333 | D12: =B12-C12 -> 153.22667 | E12: Aug charges: 8/4 $20.66; 8/17 $145.01
A13: Retail – Lowe's (home improvement) | B13: ='Monthly Summary'!D87 -> 171.55 | C13: =AVERAGE('Monthly Summary'!B87,'Monthly Summary'!C87,'Monthly Summary'!E87) -> 37.646667 | D13: =B13-C13 -> 133.90333 | E13: Aug charges: 8/7 $171.55
A14: Yard Company (NextGen) | B14: ='Monthly Summary'!D98 -> 220 | C14: =AVERAGE('Monthly Summary'!B98,'Monthly Summary'!C98,'Monthly Summary'!E98) -> 93.333333 | D14: =B14-C14 -> 126.66667 | E14: Aug charges: 7/29 $100.00; 8/5 $60.00; 8/18 $60.00
A15: Utility – Water/Sewer (Brunswick County) | B15: ='Monthly Summary'!D22 -> 179.33 | C15: =AVERAGE('Monthly Summary'!B22,'Monthly Summary'!C22,'Monthly Summary'!E22) -> 54.366667 | D15: =B15-C15 -> 124.96333 | E15: Aug charges: 7/30 $91.83; 7/30 $2.95; 8/12 $81.60; 8/12 $2.95
A16: Allstate Insurance | B16: ='Monthly Summary'!D13 -> 475.42 | C16: =AVERAGE('Monthly Summary'!B13,'Monthly Summary'!C13,'Monthly Summary'!E13) -> 358.33667 | D16: =B16-C16 -> 117.08333 | E16: Extra $115 payment on 8/3 on top of the regular monthly draft. Aug charges: 8/3 $115.00; 8/20 $360.42
A17: Haircuts – The Color Bar | B17: ='Monthly Summary'!D74 -> 182.5 | C17: =AVERAGE('Monthly Summary'!B74,'Monthly Summary'!C74,'Monthly Summary'!E74) -> 71.666667 | D17: =B17-C17 -> 110.83333 | E17: Aug charges: 7/28 $32.50; 8/20 $150.00
A18: Verizon Wireless | B18: ='Monthly Summary'!D27 -> 436.02 | C18: =AVERAGE('Monthly Summary'!B27,'Monthly Summary'!C27,'Monthly Summary'!E27) -> 325.40667 | D18: =B18-C18 -> 110.61333 | E18: Higher bill than usual. Aug charges: 8/21 $436.02
A19: Internet – Focus Broadband | B19: ='Monthly Summary'!D26 -> 161.58 | C19: =AVERAGE('Monthly Summary'!B26,'Monthly Summary'!C26,'Monthly Summary'!E26) -> 53.86 | D19: =B19-C19 -> 107.72 | E19: Two monthly payments fell in this statement period. Aug charges: 7/29 $80.79; 8/10 $80.79
A20: Retail – HomeSense | B20: ='Monthly Summary'!D85 -> 88.7 | C20: =AVERAGE('Monthly Summary'!B85,'Monthly Summary'!C85,'Monthly Summary'!E85) -> 0 | D20: =B20-C20 -> 88.7 | E20: Aug charges: 8/14 $88.70
A21: Home Services (Pest Control, Lawn Treatment) | B21: ='Monthly Summary'!D99 -> 104 | C21: =AVERAGE('Monthly Summary'!B99,'Monthly Summary'!C99,'Monthly Summary'!E99) -> 47.35 | D21: =B21-C21 -> 56.65 | E21: Aug charges: 7/29 $104.00
A22: Restaurants & Takeout | B22: ='Monthly Summary'!D42 -> 962.62 | C22: =AVERAGE('Monthly Summary'!B42,'Monthly Summary'!C42,'Monthly Summary'!E42) -> 922.89667 | D22: =B22-C22 -> 39.723333 | E22: Aug charges: 7/24 $54.00; 7/27 $44.55; 7/27 $28.23; 7/27 $9.60; 7/29 $49.73
A23: Retail – Tractor Supply | B23: ='Monthly Summary'!D89 -> 29.86 | C23: =AVERAGE('Monthly Summary'!B89,'Monthly Summary'!C89,'Monthly Summary'!E89) -> 0 | D23: =B23-C23 -> 29.86 | E23: Aug charges: 8/18 $29.86
A24: Retail – Dollar Tree / Dollar General | B24: ='Monthly Summary'!D93 -> 17.35 | C24: =AVERAGE('Monthly Summary'!B93,'Monthly Summary'!C93,'Monthly Summary'!E93) -> 1.956667 | D24: =B24-C24 -> 15.393333 | E24: Aug charges: 8/4 $17.35
A25: Entertainment (Surf Cinema) | B25: ='Monthly Summary'!D108 -> 13.5 | C25: =AVERAGE('Monthly Summary'!B108,'Monthly Summary'!C108,'Monthly Summary'!E108) -> 0 | D25: =B25-C25 -> 13.5 | E25: Aug charges: 8/10 $13.50
A26: Streaming – Hulu | B26: ='Monthly Summary'!D55 -> 12.8 | C26: =AVERAGE('Monthly Summary'!B55,'Monthly Summary'!C55,'Monthly Summary'!E55) -> 4.266667 | D26: =B26-C26 -> 8.533333 | E26: Aug charges: 7/27 $12.80
A27: Transfers to People (Venmo/Zelle) | B27: ='Monthly Summary'!D112 -> 331.5 | C27: =AVERAGE('Monthly Summary'!B112,'Monthly Summary'!C112,'Monthly Summary'!E112) -> 323.01667 | D27: =B27-C27 -> 8.483333 | E27: Aug charges: 8/7 $331.50
A28: A&D Mortgage | B28: ='Monthly Summary'!D7 -> 3411.1 | C28: =AVERAGE('Monthly Summary'!B7,'Monthly Summary'!C7,'Monthly Summary'!E7) -> 3411.1 | D28: =B28-C28 -> 0 | E28: Aug charges: 8/17 $3,411.10
A29: Banner Life Insurance | B29: ='Monthly Summary'!D15 -> 710.06 | C29: =AVERAGE('Monthly Summary'!B15,'Monthly Summary'!C15,'Monthly Summary'!E15) -> 710.06 | D29: =B29-C29 -> 0 | E29: Aug charges: 8/10 $710.06
A30: Dental Insurance – Delta Dental | B30: ='Monthly Summary'!D17 -> 69.36 | C30: =AVERAGE('Monthly Summary'!B17,'Monthly Summary'!C17,'Monthly Summary'!E17) -> 69.36 | D30: =B30-C30 -> 0 | E30: Aug charges: 8/6 $69.36
A31: Student Loan (Dept of Education) | B31: ='Monthly Summary'!D31 -> 160.37 | C31: =AVERAGE('Monthly Summary'!B31,'Monthly Summary'!C31,'Monthly Summary'!E31) -> 160.37 | D31: =B31-C31 -> 0 | E31: Aug charges: 8/14 $160.37
A32: Streaming – ESPN (Sept billed as Disney Plus) | B32: ='Monthly Summary'!D52 -> 13.87 | C32: =AVERAGE('Monthly Summary'!B52,'Monthly Summary'!C52,'Monthly Summary'!E52) -> 13.87 | D32: =B32-C32 -> 0 | E32: Aug charges: 8/13 $13.87
A33: Streaming – Disney (via Roku) | B33: ='Monthly Summary'!D53 -> 20.27 | C33: =AVERAGE('Monthly Summary'!B53,'Monthly Summary'!C53,'Monthly Summary'!E53) -> 20.27 | D33: =B33-C33 -> 0 | E33: Aug charges: 7/29 $20.27
A34: Streaming – Frndly TV | B34: ='Monthly Summary'!D57 -> 22.41 | C34: =AVERAGE('Monthly Summary'!B57,'Monthly Summary'!C57,'Monthly Summary'!E57) -> 22.41 | D34: =B34-C34 -> 0 | E34: Aug charges: 8/5 $22.41
A35: Life Insurance (Lincoln National) | B35: ='Monthly Summary'!D14 -> 73.61 | C35: =AVERAGE('Monthly Summary'!B14,'Monthly Summary'!C14,'Monthly Summary'!E14) -> 75.476667 | D35: =B35-C35 -> -1.866667 | E35: Aug charges: 8/18 $73.61
A36: Medical – Duke Hospital (Durham, food & parking) | B36: ='Monthly Summary'!D70 -> 0 | C36: =AVERAGE('Monthly Summary'!B70,'Monthly Summary'!C70,'Monthly Summary'!E70) -> 4.916667 | D36: =B36-C36 -> -4.916667
A37: Tolls & Parking | B37: ='Monthly Summary'!D47 -> 18.44 | C37: =AVERAGE('Monthly Summary'!B47,'Monthly Summary'!C47,'Monthly Summary'!E47) -> 24.693333 | D37: =B37-C37 -> -6.253333 | E37: Aug charges: 7/29 $11.84; 7/31 $1.60; 7/31 $5.00
A38: Streaming – Peacock (via Roku) | B38: ='Monthly Summary'!D56 -> 0 | C38: =AVERAGE('Monthly Summary'!B56,'Monthly Summary'!C56,'Monthly Summary'!E56) -> 7.82 | D38: =B38-C38 -> -7.82
A39: Retail – Cat on a Whisk | B39: ='Monthly Summary'!D88 -> 0 | C39: =AVERAGE('Monthly Summary'!B88,'Monthly Summary'!C88,'Monthly Summary'!E88) -> 8.17 | D39: =B39-C39 -> -8.17
A40: Medical – Granville Medical Center (Oxford) | B40: ='Monthly Summary'!D69 -> 0 | C40: =AVERAGE('Monthly Summary'!B69,'Monthly Summary'!C69,'Monthly Summary'!E69) -> 8.386667 | D40: =B40-C40 -> -8.386667
A41: St. James Marina | B41: ='Monthly Summary'!D107 -> 0 | C41: =AVERAGE('Monthly Summary'!B107,'Monthly Summary'!C107,'Monthly Summary'!E107) -> 11.18 | D41: =B41-C41 -> -11.18
A42: Streaming – HBO Max | B42: ='Monthly Summary'!D54 -> 0 | C42: =AVERAGE('Monthly Summary'!B54,'Monthly Summary'!C54,'Monthly Summary'!E54) -> 13.16 | D42: =B42-C42 -> -13.16
A43: Retail – Marshalls | B43: ='Monthly Summary'!D81 -> 0 | C43: =AVERAGE('Monthly Summary'!B81,'Monthly Summary'!C81,'Monthly Summary'!E81) -> 13.863333 | D43: =B43-C43 -> -13.863333
A44: Retail – Bath & Body Works | B44: ='Monthly Summary'!D92 -> 0 | C44: =AVERAGE('Monthly Summary'!B92,'Monthly Summary'!C92,'Monthly Summary'!E92) -> 17.103333 | D44: =B44-C44 -> -17.103333
A45: Retail – Target | B45: ='Monthly Summary'!D84 -> 0 | C45: =AVERAGE('Monthly Summary'!B84,'Monthly Summary'!C84,'Monthly Summary'!E84) -> 19.66 | D45: =B45-C45 -> -19.66
A46: Medical – Wilmington Eye | B46: ='Monthly Summary'!D68 -> 0 | C46: =AVERAGE('Monthly Summary'!B68,'Monthly Summary'!C68,'Monthly Summary'!E68) -> 20 | D46: =B46-C46 -> -20
A47: Retail – Dick's Sporting Goods | B47: ='Monthly Summary'!D90 -> 0 | C47: =AVERAGE('Monthly Summary'!B90,'Monthly Summary'!C90,'Monthly Summary'!E90) -> 21.203333 | D47: =B47-C47 -> -21.203333
A48: Retail – Ross | B48: ='Monthly Summary'!D82 -> 0 | C48: =AVERAGE('Monthly Summary'!B82,'Monthly Summary'!C82,'Monthly Summary'!E82) -> 21.45 | D48: =B48-C48 -> -21.45
A49: Streaming – YouTube TV (Google) | B49: ='Monthly Summary'!D51 -> 89 | C49: =AVERAGE('Monthly Summary'!B51,'Monthly Summary'!C51,'Monthly Summary'!E51) -> 111.33 | D49: =B49-C49 -> -22.33 | E49: Aug charges: 7/29 $89.00
A50: Personal Care – Simple Beauty | B50: ='Monthly Summary'!D75 -> 0 | C50: =AVERAGE('Monthly Summary'!B75,'Monthly Summary'!C75,'Monthly Summary'!E75) -> 27.333333 | D50: =B50-C50 -> -27.333333
A51: Travel (Lyft, Hotel) | B51: ='Monthly Summary'!D103 -> 0 | C51: =AVERAGE('Monthly Summary'!B103,'Monthly Summary'!C103,'Monthly Summary'!E103) -> 34.216667 | D51: =B51-C51 -> -34.216667
A52: Grocery – Food Lion | B52: ='Monthly Summary'!D37 -> 77.34 | C52: =AVERAGE('Monthly Summary'!B37,'Monthly Summary'!C37,'Monthly Summary'!E37) -> 112.22333 | D52: =B52-C52 -> -34.883333 | E52: Aug charges: 8/4 $77.34
A53: Software & Online Subscriptions | B53: ='Monthly Summary'!D62 -> 65.98 | C53: =AVERAGE('Monthly Summary'!B62,'Monthly Summary'!C62,'Monthly Summary'!E62) -> 100.92667 | D53: =B53-C53 -> -34.946667 | E53: Aug charges: 7/27 $2.99; 7/27 $20.00; 7/27 $20.00; 8/11 $20.00; 8/25 $2.99
A54: Gas & Convenience Stores | B54: ='Monthly Summary'!D46 -> 167.24 | C54: =AVERAGE('Monthly Summary'!B46,'Monthly Summary'!C46,'Monthly Summary'!E46) -> 208.58333 | D54: =B54-C54 -> -41.343333 | E54: Aug charges: 7/29 $4.06; 7/29 $47.80; 7/30 $6.78; 8/3 $9.47; 8/3 $46.23
A55: Retail – Ulta Beauty | B55: ='Monthly Summary'!D91 -> 0 | C55: =AVERAGE('Monthly Summary'!B91,'Monthly Summary'!C91,'Monthly Summary'!E91) -> 44.903333 | D55: =B55-C55 -> -44.903333
A56: Cash (ATM) & Bank Fees | B56: ='Monthly Summary'!D117 -> 0 | C56: =AVERAGE('Monthly Summary'!B117,'Monthly Summary'!C117,'Monthly Summary'!E117) -> 49 | D56: =B56-C56 -> -49
A57: Donations & Clubs (Kiwanis) | B57: ='Monthly Summary'!D116 -> 0 | C57: =AVERAGE('Monthly Summary'!B116,'Monthly Summary'!C116,'Monthly Summary'!E116) -> 66.666667 | D57: =B57-C57 -> -66.666667
A58: Retail – Local shops (Hippie Chick, Southport Spices, Mad River, Coastal Carolina) | B58: ='Monthly Summary'!D94 -> 0 | C58: =AVERAGE('Monthly Summary'!B94,'Monthly Summary'!C94,'Monthly Summary'!E94) -> 76 | D58: =B58-C58 -> -76
A59: Other Food Stores (Harris Teeter, Beach Pantry) | B59: ='Monthly Summary'!D41 -> 5.85 | C59: =AVERAGE('Monthly Summary'!B41,'Monthly Summary'!C41,'Monthly Summary'!E41) -> 87.783333 | D59: =B59-C59 -> -81.933333 | E59: Aug charges: 7/29 $5.85
A60: St. James Membership (Club) | B60: ='Monthly Summary'!D8 -> 1492.11 | C60: =AVERAGE('Monthly Summary'!B8,'Monthly Summary'!C8,'Monthly Summary'!E8) -> 1653.4467 | D60: =B60-C60 -> -161.33667 | E60: Smaller club bill than usual. Aug charges: 8/20 $1,492.11
A61: Grocery – Lowes Foods | B61: ='Monthly Summary'!D35 -> 584.25 | C61: =AVERAGE('Monthly Summary'!B35,'Monthly Summary'!C35,'Monthly Summary'!E35) -> 776.22667 | D61: =B61-C61 -> -191.97667 | E61: Aug charges: 8/4 $63.82; 8/6 $60.15; 8/17 $6.49; 8/17 $10.99; 8/18 $275.25
A62: St. James Plantation POA Dues | B62: ='Monthly Summary'!D9 -> 0 | C62: =AVERAGE('Monthly Summary'!B9,'Monthly Summary'!C9,'Monthly Summary'!E9) -> 230.98333 | D62: =B62-C62 -> -230.98333 | E62: POA dues were paid in June only
A63: Retail – Belk (store card payments) | B63: ='Monthly Summary'!D80 -> 0 | C63: =AVERAGE('Monthly Summary'!B80,'Monthly Summary'!C80,'Monthly Summary'!E80) -> 444.91 | D63: =B63-C63 -> -444.91 | E63: No Belk payment in the August period
A64: TOTAL SPENDING | B64: =SUM(B5:B63) -> 14654.04 | C64: =SUM(C5:C63) -> 11938.227 | D64: =B64-C64 -> 2715.8133
A66: Without the one-time $1,461.90 Walmart purchase (7/31)
A67: Walmart purchase on 7/31 | B67: 1461.9
A68: August spending without it | B68: =B64-B67 -> 13192.14 | C68: =C64 -> 11938.227 | D68: =B68-C68 -> 1253.9133
A70: By category
A71: Category | B71: August | C71: Avg of Jun, Jul, Sep | D71: Difference
A72: Retail | B72: ='Monthly Summary'!D95 -> 2380.47 | C72: =AVERAGE('Monthly Summary'!B95,'Monthly Summary'!C95,'Monthly Summary'!E95) -> 774.40667 | D72: =B72-C72 -> 1606.0633
A73: Health | B73: ='Monthly Summary'!D71 -> 850.9 | C73: =AVERAGE('Monthly Summary'!B71,'Monthly Summary'!C71,'Monthly Summary'!E71) -> 153.73 | D73: =B73-C73 -> 697.17
A74: Insurance | B74: ='Monthly Summary'!D18 -> 1760.95 | C74: =AVERAGE('Monthly Summary'!B18,'Monthly Summary'!C18,'Monthly Summary'!E18) -> 1357.4 | D74: =B74-C74 -> 403.55
A75: Utilities | B75: ='Monthly Summary'!D23 -> 586.29 | C75: =AVERAGE('Monthly Summary'!B23,'Monthly Summary'!C23,'Monthly Summary'!E23) -> 306.37 | D75: =B75-C75 -> 279.92
A76: Phone & Internet | B76: ='Monthly Summary'!D28 -> 597.6 | C76: =AVERAGE('Monthly Summary'!B28,'Monthly Summary'!C28,'Monthly Summary'!E28) -> 379.26667 | D76: =B76-C76 -> 218.33333
A77: Home | B77: ='Monthly Summary'!D100 -> 324 | C77: =AVERAGE('Monthly Summary'!B100,'Monthly Summary'!C100,'Monthly Summary'!E100) -> 140.68333 | D77: =B77-C77 -> 183.31667
A78: Personal | B78: ='Monthly Summary'!D76 -> 182.5 | C78: =AVERAGE('Monthly Summary'!B76,'Monthly Summary'!C76,'Monthly Summary'!E76) -> 99 | D78: =B78-C78 -> 83.5
A79: Transfers | B79: ='Monthly Summary'!D113 -> 331.5 | C79: =AVERAGE('Monthly Summary'!B113,'Monthly Summary'!C113,'Monthly Summary'!E113) -> 323.01667 | D79: =B79-C79 -> 8.483333
A80: Recreation | B80: ='Monthly Summary'!D109 -> 13.5 | C80: =AVERAGE('Monthly Summary'!B109,'Monthly Summary'!C109,'Monthly Summary'!E109) -> 11.18 | D80: =B80-C80 -> 2.32
A81: Student Loan | B81: ='Monthly Summary'!D32 -> 160.37 | C81: =AVERAGE('Monthly Summary'!B32,'Monthly Summary'!C32,'Monthly Summary'!E32) -> 160.37 | D81: =B81-C81 -> 0
A82: Travel | B82: ='Monthly Summary'!D104 -> 0 | C82: =AVERAGE('Monthly Summary'!B104,'Monthly Summary'!C104,'Monthly Summary'!E104) -> 34.216667 | D82: =B82-C82 -> -34.216667
A83: Streaming | B83: ='Monthly Summary'!D59 -> 158.35 | C83: =AVERAGE('Monthly Summary'!B59,'Monthly Summary'!C59,'Monthly Summary'!E59) -> 193.12667 | D83: =B83-C83 -> -34.776667
A84: Subscriptions | B84: ='Monthly Summary'!D63 -> 65.98 | C84: =AVERAGE('Monthly Summary'!B63,'Monthly Summary'!C63,'Monthly Summary'!E63) -> 100.92667 | D84: =B84-C84 -> -34.946667
A85: Food | B85: ='Monthly Summary'!D43 -> 968.47 | C85: =AVERAGE('Monthly Summary'!B43,'Monthly Summary'!C43,'Monthly Summary'!E43) -> 1010.68 | D85: =B85-C85 -> -42.21
A86: Transportation | B86: ='Monthly Summary'!D48 -> 185.68 | C86: =AVERAGE('Monthly Summary'!B48,'Monthly Summary'!C48,'Monthly Summary'!E48) -> 233.27667 | D86: =B86-C86 -> -47.596667
A87: Groceries | B87: ='Monthly Summary'!D38 -> 1184.27 | C87: =AVERAGE('Monthly Summary'!B38,'Monthly Summary'!C38,'Monthly Summary'!E38) -> 1249.38 | D87: =B87-C87 -> -65.11
A88: Other | B88: ='Monthly Summary'!D118 -> 0 | C88: =AVERAGE('Monthly Summary'!B118,'Monthly Summary'!C118,'Monthly Summary'!E118) -> 115.66667 | D88: =B88-C88 -> -115.66667
A89: Housing | B89: ='Monthly Summary'!D10 -> 4903.21 | C89: =AVERAGE('Monthly Summary'!B10,'Monthly Summary'!C10,'Monthly Summary'!E10) -> 5295.53 | D89: =B89-C89 -> -392.32
A90: TOTAL SPENDING | B90: =SUM(B72:B89) -> 14654.04 | C90: =SUM(C72:C89) -> 11938.227 | D90: =B90-C90 -> 2715.8133

Sheet Not Counted as Spending
A1: Not Counted as Spending
A2: Withdrawals left out of the spending totals at your request. Listed here so every dollar on the bank statements is accounted for.
A4: Item | B4: June 2026 | C4: July 2026 | D4: August 2026 | E4: September 2026 | F4: 4-Month Total | G4: Monthly Avg
A5: Statement period | B5: 5/27–6/24/26 | C5: 6/25–7/23/26 | D5: 7/24–8/25/26 | E5: 8/26–9/24/26
A6: Not counted as spending
A7: WTW Health Premium (reimbursed by Via Benefits) | B7: =SUMIFS('All Transactions'!$F$5:$F$436,'All Transactions'!$D$5:$D$436,$A7,'All Transactions'!$A$5:$A$436,B$4) -> 2576 | C7: =SUMIFS('All Transactions'!$F$5:$F$436,'All Transactions'!$D$5:$D$436,$A7,'All Transactions'!$A$5:$A$436,C$4) -> 2576 | D7: =SUMIFS('All Transactions'!$F$5:$F$436,'All Transactions'!$D$5:$D$436,$A7,'All Transactions'!$A$5:$A$436,D$4) -> 2576 | E7: =SUMIFS('All Transactions'!$F$5:$F$436,'All Transactions'!$D$5:$D$436,$A7,'All Transactions'!$A$5:$A$436,E$4) -> 2576 | F7: =SUM(B7:E7) -> 10304 | G7: =F7/4 -> 2576
A8: Credit Card Payoff – American Express | B8: =SUMIFS('All Transactions'!$F$5:$F$436,'All Transactions'!$D$5:$D$436,$A8,'All Transactions'!$A$5:$A$436,B$4) -> 0 | C8: =SUMIFS('All Transactions'!$F$5:$F$436,'All Transactions'!$D$5:$D$436,$A8,'All Transactions'!$A$5:$A$436,C$4) -> 7227.09 | D8: =SUMIFS('All Transactions'!$F$5:$F$436,'All Transactions'!$D$5:$D$436,$A8,'All Transactions'!$A$5:$A$436,D$4) -> 4593.08 | E8: =SUMIFS('All Transactions'!$F$5:$F$436,'All Transactions'!$D$5:$D$436,$A8,'All Transactions'!$A$5:$A$436,E$4) -> 4738.51 | F8: =SUM(B8:E8) -> 16558.68 | G8: =F8/4 -> 4139.67
A9: Sloane Realty | B9: =SUMIFS('All Transactions'!$F$5:$F$436,'All Transactions'!$D$5:$D$436,$A9,'All Transactions'!$A$5:$A$436,B$4) -> 0 | C9: =SUMIFS('All Transactions'!$F$5:$F$436,'All Transactions'!$D$5:$D$436,$A9,'All Transactions'!$A$5:$A$436,C$4) -> 2891.98 | D9: =SUMIFS('All Transactions'!$F$5:$F$436,'All Transactions'!$D$5:$D$436,$A9,'All Transactions'!$A$5:$A$436,D$4) -> 0 | E9: =SUMIFS('All Transactions'!$F$5:$F$436,'All Transactions'!$D$5:$D$436,$A9,'All Transactions'!$A$5:$A$436,E$4) -> 0 | F9: =SUM(B9:E9) -> 2891.98 | G9: =F9/4 -> 722.995
A10: Dust and Mop House | B10: =SUMIFS('All Transactions'!$F$5:$F$436,'All Transactions'!$D$5:$D$436,$A10,'All Transactions'!$A$5:$A$436,B$4) -> 0 | C10: =SUMIFS('All Transactions'!$F$5:$F$436,'All Transactions'!$D$5:$D$436,$A10,'All Transactions'!$A$5:$A$436,C$4) -> 100 | D10: =SUMIFS('All Transactions'!$F$5:$F$436,'All Transactions'!$D$5:$D$436,$A10,'All Transactions'!$A$5:$A$436,D$4) -> 432.6 | E10: =SUMIFS('All Transactions'!$F$5:$F$436,'All Transactions'!$D$5:$D$436,$A10,'All Transactions'!$A$5:$A$436,E$4) -> 0 | F10: =SUM(B10:E10) -> 532.6 | G10: =F10/4 -> 133.15
A11: Bowery West | B11: =SUMIFS('All Transactions'!$F$5:$F$436,'All Transactions'!$D$5:$D$436,$A11,'All Transactions'!$A$5:$A$436,B$4) -> 0 | C11: =SUMIFS('All Transactions'!$F$5:$F$436,'All Transactions'!$D$5:$D$436,$A11,'All Transactions'!$A$5:$A$436,C$4) -> 400 | D11: =SUMIFS('All Transactions'!$F$5:$F$436,'All Transactions'!$D$5:$D$436,$A11,'All Transactions'!$A$5:$A$436,D$4) -> 0 | E11: =SUMIFS('All Transactions'!$F$5:$F$436,'All Transactions'!$D$5:$D$436,$A11,'All Transactions'!$A$5:$A$436,E$4) -> 0 | F11: =SUM(B11:E11) -> 400 | G11: =F11/4 -> 100
A12: Checks Written (payee not shown) | B12: =SUMIFS('All Transactions'!$F$5:$F$436,'All Transactions'!$D$5:$D$436,$A12,'All Transactions'!$A$5:$A$436,B$4) -> 2630 | C12: =SUMIFS('All Transactions'!$F$5:$F$436,'All Transactions'!$D$5:$D$436,$A12,'All Transactions'!$A$5:$A$436,C$4) -> 0 | D12: =SUMIFS('All Transactions'!$F$5:$F$436,'All Transactions'!$D$5:$D$436,$A12,'All Transactions'!$A$5:$A$436,D$4) -> 728 | E12: =SUMIFS('All Transactions'!$F$5:$F$436,'All Transactions'!$D$5:$D$436,$A12,'All Transactions'!$A$5:$A$436,E$4) -> 0 | F12: =SUM(B12:E12) -> 3358 | G12: =F12/4 -> 839.5
A13: Transfer to Own WF Account | B13: =SUMIFS('All Transactions'!$F$5:$F$436,'All Transactions'!$D$5:$D$436,$A13,'All Transactions'!$A$5:$A$436,B$4) -> 0 | C13: =SUMIFS('All Transactions'!$F$5:$F$436,'All Transactions'!$D$5:$D$436,$A13,'All Transactions'!$A$5:$A$436,C$4) -> 3.26 | D13: =SUMIFS('All Transactions'!$F$5:$F$436,'All Transactions'!$D$5:$D$436,$A13,'All Transactions'!$A$5:$A$436,D$4) -> 0 | E13: =SUMIFS('All Transactions'!$F$5:$F$436,'All Transactions'!$D$5:$D$436,$A13,'All Transactions'!$A$5:$A$436,E$4) -> 0 | F13: =SUM(B13:E13) -> 3.26 | G13: =F13/4 -> 0.815
A14: Total not counted as spending | B14: =SUM(B7:B13) -> 5206 | C14: =SUM(C7:C13) -> 13198.33 | D14: =SUM(D7:D13) -> 8329.68 | E14: =SUM(E7:E13) -> 7314.51 | F14: =SUM(F7:F13) -> 34048.52 | G14: =F14/4 -> 8512.13
A16: Reconciliation to bank statements
A17: Total spending (from Monthly Summary) | B17: ='Monthly Summary'!B120 -> 12135.81 | C17: ='Monthly Summary'!C120 -> 12163.24 | D17: ='Monthly Summary'!D120 -> 14654.04 | E17: ='Monthly Summary'!E120 -> 11515.63 | F17: ='Monthly Summary'!F120 -> 50468.72
A18: Plus: not counted as spending | B18: =B14 -> 5206 | C18: =C14 -> 13198.33 | D18: =D14 -> 8329.68 | E18: =E14 -> 7314.51 | F18: =F14 -> 34048.52
A19: Total withdrawals | B19: =B17+B18 -> 17341.81 | C19: =C17+C18 -> 25361.57 | D19: =D17+D18 -> 22983.72 | E19: =E17+E18 -> 18830.14 | F19: =F17+F18 -> 84517.24
A20: Withdrawals/Subtractions per bank statement | B20: 17341.81 | C20: 25361.57 | D20: 22983.72 | E20: 18830.14 | F20: =SUM(B20:E20) -> 84517.24
A21: Difference (should be $0) | B21: =B19-B20 -> 0 | C21: =C19-C20 -> 0 | D21: =D19-D20 -> 0 | E21: =E19-E20 -> 0 | F21: =F19-F20 -> 0
A24: Every excluded transaction
A25: Description | B25: Date | C25: Month | D25: Amount
A26: Bowery West: Rps*Bowery West CD | B26: 46224 | C26: July 2026 | D26: 75
A27: Bowery West: Rps*Bowery West CD | B27: 46224 | C27: July 2026 | D27: 125
A28: Bowery West: Rps*Bowery West CD | B28: 46224 | C28: July 2026 | D28: 75
A29: Bowery West: Rps*Bowery West CD | B29: 46224 | C29: July 2026 | D29: 125
A30: Checks Written (payee not shown): Check #520 | B30: 46174 | C30: June 2026 | D30: 1800
A31: Checks Written (payee not shown): Check #101 | B31: 46178 | C31: June 2026 | D31: 830
A32: Checks Written (payee not shown): Check #102 | B32: 46239 | C32: August 2026 | D32: 378
A33: Checks Written (payee not shown): Check #518 | B33: 46245 | C33: August 2026 | D33: 150
A34: Checks Written (payee not shown): Check #103 | B34: 46252 | C34: August 2026 | D34: 200
A35: Credit Card Payoff – American Express: American Express ACH Pmt W8716 | B35: 46199 | C35: July 2026 | D35: 226.19
A36: Credit Card Payoff – American Express: American Express ACH Pmt W8252 | B36: 46199 | C36: July 2026 | D36: 4000.9
A37: Credit Card Payoff – American Express: American Express ACH Pmt W9322 | B37: 46209 | C37: July 2026 | D37: 2000
... A49: WTW Health Premium (reimbursed by Via Benefits): Wtw Ccc Tccc 2026SEP | B49: 46274 | C49: September 2026 | D49: 2576
A50: Total | D50: =SUM(D26:D49) -> 34048.52

Sheet June 2026
A1: June 2026 Spending — statement period 5/27–6/24/26
A3: Date | B3: Description | C3: Category | D3: Group | E3: Amount | G3: Category subtotals (this month) | H3: Amount
A4: 46169 | B4: Aci*Blue Cross NC Durham NC | C4: Health Insurance – Blue Cross NC | D4: Insurance | E4: 216.25 | G4: A&D Mortgage | H4: =SUMIF($C$4:$C$119,G4,$E$4:$E$119) -> 3411.1
A5: 46169 | B5: Chipotle 4232 Conway SC | C5: Restaurants & Takeout | D5: Food | E5: 24.53 | G5: St. James Membership (Club) | H5: =SUMIF($C$4:$C$119,G5,$E$4:$E$119) -> 1591.78
A6: 46170 | B6: Chick-Fil-A #04769 Shallotte NC | C6: Restaurants & Takeout | D6: Food | E6: 11.2 | G6: Grocery – Lowes Foods | H6: =SUMIF($C$4:$C$119,G6,$E$4:$E$119) -> 1145.69
A7: 46170 | B7: Dairy Queen #15351 Supply NC | C7: Restaurants & Takeout | D7: Food | E7: 7.35 | G7: Restaurants & Takeout | H7: =SUMIF($C$4:$C$119,G7,$E$4:$E$119) -> 1019.45
A8: 46170 | B8: Belk Syf Paymnt May 28 604583156390724 Dempseyleigh | C8: Retail – Belk (store card payments) | D8: Retail | E8: 386.69 | G8: Banner Life Insurance | H8: =SUMIF($C$4:$C$119,G8,$E$4:$E$119) -> 710.06
A9: 46171 | B9: Google *Youtube Tv | C9: Streaming – YouTube TV (Google) | D9: Streaming | E9: 89 | G9: St. James Plantation POA Dues | H9: =SUMIF($C$4:$C$119,G9,$E$4:$E$119) -> 692.95
A10: 46171 | B10: Google *Youtube Tv | C10: Streaming – YouTube TV (Google) | D10: Streaming | E10: 11.78 | G10: Retail – Belk (store card payments) | H10: =SUMIF($C$4:$C$119,G10,$E$4:$E$119) -> 386.69
A11: 46171 | B11: Roku for Disney El | C11: Streaming – Disney (via Roku) | D11: Streaming | E11: 20.27 | G11: Allstate Insurance | H11: =SUMIF($C$4:$C$119,G11,$E$4:$E$119) -> 360.42
A12: 46171 | B12: Lowes Food #235 Bolivia NC | C12: Grocery – Lowes Foods | D12: Groceries | E12: 125.08 | G12: Verizon Wireless | H12: =SUMIF($C$4:$C$119,G12,$E$4:$E$119) -> 294.57
A13: 46174 | B13: Apple.Com/Bill 866-712-7753 | C13: Software & Online Subscriptions | D13: Subscriptions | E13: 13.8 | G13: Other Food Stores (Harris Teeter, Beach Pantry) | H13: =SUMIF($C$4:$C$119,G13,$E$4:$E$119) -> 263.35
A14: 46174 | B14: DD *Doordash Bella | C14: Restaurants & Takeout | D14: Food | E14: 62.84 | G14: Health Insurance – Blue Cross NC | H14: =SUMIF($C$4:$C$119,G14,$E$4:$E$119) -> 216.25
A15: 46174 | B15: Ls Mad River 186-69321801 NC | C15: Retail – Local shops (Hippie Chick, Southport Spices, Mad River, Coastal Carolina) | D15: Retail | E15: 41.63 | G15: Haircuts – The Color Bar | H15: =SUMIF($C$4:$C$119,G15,$E$4:$E$119) -> 182.5
... A40: 46181 | B40: Delta Dental of Delta Dent | C40: Dental Insurance – Delta Dental | D40: Insurance | E40: 69.36 | G40: Tolls & Parking | H40: =SUMIF($C$4:$C$119,G40,$E$4:$E$119) -> 5.84
A41: 46181 | B41: Banner Life Prem Debit 17180884647 | C41: Banner Life Insurance | D41: Insurance | E41: 710.06 | G41: Total spending | H41: =SUM(H4:H40) -> 12135.81
A42: 46182 | B42: Propertyrecs.Com | C42: Software & Online Subscriptions | D42: Subscriptions | E42: 20
A43: 46182 | B43: 365 Market H 888 4 Troy MI | C43: Restaurants & Takeout | D43: Food | E43: 5.08 | G43: Not counted as spending
A44: 46182 | B44: DD *Doordash Seasi | C44: Restaurants & Takeout | D44: Food | E44: 34.5 | G44: Checks Written (payee not shown) | H44: =SUMIF($C$4:$C$119,G44,$E$4:$E$119) -> 2630
A45: 46182 | B45: Focus Broadband Clover.Com NC | C45: Internet – Focus Broadband | D45: Phone & Internet | E45: 80.79 | G45: WTW Health Premium (reimbursed by Via Benefits) | H45: =SUMIF($C$4:$C$119,G45,$E$4:$E$119) -> 2576
A46: 46182 | B46: NC Quick Pass 877-769-7277 NC | C46: Tolls & Parking | D46: Transportation | E46: 5.84
A47: 46182 | B47: Hh 21 Winnabow NC | C47: Gas & Convenience Stores | D47: Transportation | E47: 6.39
A48: 46182 | B48: St James Plantat Assn Dues | C48: St. James Plantation POA Dues | D48: Housing | E48: 692.95
A49: 46183 | B49: Opc*Brunswick CO U | C49: Utility – Water/Sewer (Brunswick County) | D49: Utilities | E49: 75.89
A50: 46183 | B50: Opc Utl*Service Fe | C50: Utility – Water/Sewer (Brunswick County) | D50: Utilities | E50: 2.95
A51: 46183 | B51: Ross Store #2284 Shallotte NC | C51: Retail – Ross | D51: Retail | E51: 48.03
A52: 46183 | B52: Ulta 1590 Shallotte NC | C52: Retail – Ulta Beauty | D52: Retail | E52: 37.36
A53: 46183 | B53: Wawa 6129 Garner NC | C53: Gas & Convenience Stores | D53: Transportation | E53: 53.61
A54: 46184 | B54: Tst* Greek Fiesta Cary NC | C54: Restaurants & Takeout | D54: Food | E54: 36.53
A55: 46184 | B55: Cold Stone Creamer | C55: Restaurants & Takeout | D55: Food | E55: 15.14
A56: 46184 | B56: McDonald's F11779 Oxford NC | C56: Restaurants & Takeout | D56: Food | E56: 11.07
A57: 46184 | B57: Lowes Food #235 Bolivia NC | C57: Grocery – Lowes Foods | D57: Groceries | E57: 53.35
... A119: 46197 | B119: The Color Bar Hair Oak Island NC | C119: Haircuts – The Color Bar | D119: Personal | E119: 32.5
D120: Total spending | E120: =SUMIF(D4:D119,"<>Excluded",E4:E119) -> 12135.81
D121: Not counted (Excluded) | E121: =SUMIF(D4:D119,"Excluded",E4:E119) -> 5206

Sheet July 2026
A1: July 2026 Spending — statement period 6/25–7/23/26
A3: Date | B3: Description | C3: Category | D3: Group | E3: Amount | G3: Category subtotals (this month) | H3: Amount
A4: 46198 | B4: Propertyrecs.Com | C4: Software & Online Subscriptions | D4: Subscriptions | E4: 20 | G4: A&D Mortgage | H4: =SUMIF($C$4:$C$127,G4,$E$4:$E$127) -> 3411.1
A5: 46198 | B5: Jersey Mikes 3177 Southport NC | C5: Restaurants & Takeout | D5: Food | E5: 15.2 | G5: St. James Membership (Club) | H5: =SUMIF($C$4:$C$127,G5,$E$4:$E$127) -> 1601.56
A6: 46198 | B6: Apple.Com/Bill | C6: Software & Online Subscriptions | D6: Subscriptions | E6: 2.99 | G6: Retail – Belk (store card payments) | H6: =SUMIF($C$4:$C$127,G6,$E$4:$E$127) -> 948.04
A7: 46198 | B7: Shell Service Station Little River | C7: Gas & Convenience Stores | D7: Transportation | E7: 46.84 | G7: Restaurants & Takeout | H7: =SUMIF($C$4:$C$127,G7,$E$4:$E$127) -> 909.94
A8: 46198 | B8: Hulu Santa Monica CA | C8: Streaming – Hulu | D8: Streaming | E8: 12.8 | G8: Transfers to People (Venmo/Zelle) | H8: =SUMIF($C$4:$C$127,G8,$E$4:$E$127) -> 764.05
A9: 46198 | B9: Circle K # 23140 Little River SC | C9: Gas & Convenience Stores | D9: Transportation | E9: 5.78 | G9: Banner Life Insurance | H9: =SUMIF($C$4:$C$127,G9,$E$4:$E$127) -> 710.06
A10: 46198 | B10: Lowes Food #235 Bolivia NC | C10: Grocery – Lowes Foods | D10: Groceries | E10: 2.14 | G10: Grocery – Lowes Foods | H10: =SUMIF($C$4:$C$127,G10,$E$4:$E$127) -> 611.14
A11: 46199 | B11: DD *Doordash Falco | C11: Restaurants & Takeout | D11: Food | E11: 53.94 | G11: Allstate Insurance | H11: =SUMIF($C$4:$C$127,G11,$E$4:$E$127) -> 360.42
A12: 46199 | B12: DD/Br #338554 Q35 Little River | C12: Restaurants & Takeout | D12: Food | E12: 11.23 | G12: Grocery – Food Lion | H12: =SUMIF($C$4:$C$127,G12,$E$4:$E$127) -> 336.67
A13: 46199 | B13: Openai *Chatgpt Su | C13: Software & Online Subscriptions | D13: Subscriptions | E13: 20 | G13: Utility – Electric (BEMC) | H13: =SUMIF($C$4:$C$127,G13,$E$4:$E$127) -> 336.35
A14: 46199 | B14: Chipotle 2810 Myrtle Beach SC | C14: Restaurants & Takeout | D14: Food | E14: 36.74 | G14: Grocery – Publix | H14: =SUMIF($C$4:$C$127,G14,$E$4:$E$127) -> 331.43
A15: 46199 | B15: Online Transfer to Dempsey M Wells Fargo Clear Access | C15: Transfer to Own WF Account | D15: Excluded | E15: 3.26 | G15: Verizon Wireless | H15: =SUMIF($C$4:$C$127,G15,$E$4:$E$127) -> 294.8
... A35: 46204 | B35: Chick-Fil-A #0175 Henderson NC | C35: Restaurants & Takeout | D35: Food | E35: 7.37 | G35: Retail – Dollar Tree / Dollar General | H35: =SUMIF($C$4:$C$127,G35,$E$4:$E$127) -> 5.87
A36: 46204 | B36: Mms-Granville Med Oxford NC | C36: Medical – Granville Medical Center (Oxford) | D36: Health | E36: 8.85 | G36: Total spending | H36: =SUM(H4:H35) -> 12163.24
A37: 46204 | B37: Taste of China Southport NC | C37: Restaurants & Takeout | D37: Food | E37: 24.15
A38: 46204 | B38: Lil & Johnssweetre Oak Island | C38: Restaurants & Takeout | D38: Food | E38: 24.34 | G38: Not counted as spending
A39: 46204 | B39: WM Supercenter #2256 | C39: Retail – Walmart | D39: Retail | E39: 12.21 | G39: Bowery West | H39: =SUMIF($C$4:$C$127,G39,$E$4:$E$127) -> 400
A40: 46205 | B40: Chick-Fil-A #0175 Henderson NC | C40: Restaurants & Takeout | D40: Food | E40: 7.37 | G40: Credit Card Payoff – American Express | H40: =SUMIF($C$4:$C$127,G40,$E$4:$E$127) -> 7227.09
A41: 46205 | B41: Chick-Fil-A #0175 Henderson NC | C41: Restaurants & Takeout | D41: Food | E41: 10.13 | G41: Dust and Mop House | H41: =SUMIF($C$4:$C$127,G41,$E$4:$E$127) -> 100
A42: 46205 | B42: Mms-Granville Med Oxford NC | C42: Medical – Granville Medical Center (Oxford) | D42: Health | E42: 6.21 | G42: Sloane Realty | H42: =SUMIF($C$4:$C$127,G42,$E$4:$E$127) -> 2891.98
A43: 46205 | B43: Shell Service Station Henderson | C43: Gas & Convenience Stores | D43: Transportation | E43: 49.87 | G43: Transfer to Own WF Account | H43: =SUMIF($C$4:$C$127,G43,$E$4:$E$127) -> 3.26
A44: 46206 | B44: DD *Doordash Falco | C44: Restaurants & Takeout | D44: Food | E44: 50.74 | G44: WTW Health Premium (reimbursed by Via Benefits) | H44: =SUMIF($C$4:$C$127,G44,$E$4:$E$127) -> 2576
A45: 46206 | B45: Publix #1703 Oak Island NC | C45: Grocery – Publix | D45: Groceries | E45: 47.28
A46: 46209 | B46: Chick-Fil-A #0175 Henderson NC | C46: Restaurants & Takeout | D46: Food | E46: 25.88
A47: 46209 | B47: Chick-Fil-A #0175 Henderson NC | C47: Restaurants & Takeout | D47: Food | E47: 7.79
A48: 46209 | B48: Hardees 1663 Benson NC | C48: Restaurants & Takeout | D48: Food | E48: 8.53
A49: 46209 | B49: Publix #1703 Oak Island NC | C49: Grocery – Publix | D49: Groceries | E49: 94.64
A50: 46209 | B50: Frndlytv Inc*+ 1Ad | C50: Streaming – Frndly TV | D50: Streaming | E50: 22.41
A51: 46209 | B51: Venmo *Ryan | C51: Transfers to People (Venmo/Zelle) | D51: Transfers | E51: 700
A52: 46209 | B52: Sq *Saltwater Shan Supply NC | C52: Restaurants & Takeout | D52: Food | E52: 19.19
A53: 46209 | B53: Venmo *Tracy Middleton | C53: Transfers to People (Venmo/Zelle) | D53: Transfers | E53: 64.05
A54: 46209 | B54: Delta Dental of Delta Dent | C54: Dental Insurance – Delta Dental | D54: Insurance | E54: 69.36
A55: 46209 | B55: American Express ACH Pmt W9322 | C55: Credit Card Payoff – American Express | D55: Excluded | E55: 2000
A56: 46210 | B56: Autobks*Nextgen LA | C56: Yard Company (NextGen) | D56: Home | E56: 100
... A127: 46226 | B127: Dollar General # Dg 11290 | C127: Retail – Dollar Tree / Dollar General | D127: Retail | E127: 5.87
D128: Total spending | E128: =SUMIF(D4:D127,"<>Excluded",E4:E127) -> 12163.24
D129: Not counted (Excluded) | E129: =SUMIF(D4:D127,"Excluded",E4:E127) -> 13198.33

Sheet August 2026
A1: August 2026 Spending — statement period 7/24–8/25/26
A3: Date | B3: Description | C3: Category | D3: Group | E3: Amount | G3: Category subtotals (this month) | H3: Amount
A4: 46227 | B4: LA Cucina Italiano Sunset Beach | C4: Restaurants & Takeout | D4: Food | E4: 54 | G4: A&D Mortgage | H4: =SUMIF($C$4:$C$110,G4,$E$4:$E$110) -> 3411.1
A5: 46230 | B5: Blondiez Donuts Calabash NC | C5: Restaurants & Takeout | D5: Food | E5: 44.55 | G5: Retail – Walmart | H5: =SUMIF($C$4:$C$110,G5,$E$4:$E$110) -> 1732.6
A6: 46230 | B6: LA Cucina Italiano Sunset Beach | C6: Restaurants & Takeout | D6: Food | E6: 28.23 | G6: St. James Membership (Club) | H6: =SUMIF($C$4:$C$110,G6,$E$4:$E$110) -> 1492.11
A7: 46230 | B7: Apple.Com/Bill | C7: Software & Online Subscriptions | D7: Subscriptions | E7: 2.99 | G7: Restaurants & Takeout | H7: =SUMIF($C$4:$C$110,G7,$E$4:$E$110) -> 962.62
A8: 46230 | B8: Propertyrecs.Com | C8: Software & Online Subscriptions | D8: Subscriptions | E8: 20 | G8: Banner Life Insurance | H8: =SUMIF($C$4:$C$110,G8,$E$4:$E$110) -> 710.06
A9: 46230 | B9: McDonald's F35966 Supply NC | C9: Restaurants & Takeout | D9: Food | E9: 9.6 | G9: Grocery – Lowes Foods | H9: =SUMIF($C$4:$C$110,G9,$E$4:$E$110) -> 584.25
A10: 46230 | B10: Openai *Chatgpt Su | C10: Software & Online Subscriptions | D10: Subscriptions | E10: 20 | G10: Grocery – Publix | H10: =SUMIF($C$4:$C$110,G10,$E$4:$E$110) -> 522.68
A11: 46230 | B11: Hulu Santa Monica CA | C11: Streaming – Hulu | D11: Streaming | E11: 12.8 | G11: Allstate Insurance | H11: =SUMIF($C$4:$C$110,G11,$E$4:$E$110) -> 475.42
A12: 46230 | B12: Publix #1631 Ocean Isle Be NC | C12: Grocery – Publix | D12: Groceries | E12: 85.7 | G12: Medical – Dosher Hospital (Southport) | H12: =SUMIF($C$4:$C$110,G12,$E$4:$E$110) -> 467.66
A13: 46230 | B13: American Express ACH Pmt W9082 | C13: Credit Card Payoff – American Express | D13: Excluded | E13: 3929.91 | G13: Verizon Wireless | H13: =SUMIF($C$4:$C$110,G13,$E$4:$E$110) -> 436.02
A14: 46231 | B14: The Color Bar Hair Oak Island NC | C14: Haircuts – The Color Bar | D14: Personal | E14: 32.5 | G14: Health Insurance – Blue Cross NC | H14: =SUMIF($C$4:$C$110,G14,$E$4:$E$110) -> 432.5
A15: 46232 | B15: Bemc - Ecc Amanda.Wheele NC | C15: Utility – Electric (BEMC) | D15: Utilities | E15: 406.96 | G15: Utility – Electric (BEMC) | H15: =SUMIF($C$4:$C$110,G15,$E$4:$E$110) -> 406.96
... A42: 46237 | B42: Allstate *Payme 800-255-7828 | C42: Allstate Insurance | D42: Insurance | E42: 115 | G42: Other Food Stores (Harris Teeter, Beach Pantry) | H42: =SUMIF($C$4:$C$110,G42,$E$4:$E$110) -> 5.85
A43: 46237 | B43: Publix #1703 Oak Island NC | C43: Grocery – Publix | D43: Groceries | E43: 239.44 | G43: Total spending | H43: =SUM(H4:H42) -> 14654.04
A44: 46237 | B44: 7-Eleven Myrtle Beach SC | C44: Gas & Convenience Stores | D44: Transportation | E44: 9.47
A45: 46237 | B45: Circlek #2723140 3498 Little | C45: Gas & Convenience Stores | D45: Transportation | E45: 46.23 | G45: Not counted as spending
A46: 46238 | B46: DD/Br #338554 Q35 Little River | C46: Restaurants & Takeout | D46: Food | E46: 10.91 | G46: Checks Written (payee not shown) | H46: =SUMIF($C$4:$C$110,G46,$E$4:$E$110) -> 728
A47: 46238 | B47: Lowe's Foods #1 Oak Island NC | C47: Grocery – Lowes Foods | D47: Groceries | E47: 63.82 | G47: Credit Card Payoff – American Express | H47: =SUMIF($C$4:$C$110,G47,$E$4:$E$110) -> 4593.08
A48: 46238 | B48: Dollartree Southport NC | C48: Retail – Dollar Tree / Dollar General | D48: Retail | E48: 17.35 | G48: Dust and Mop House | H48: =SUMIF($C$4:$C$110,G48,$E$4:$E$110) -> 432.6
A49: 46238 | B49: Hobbylobby Southport NC | C49: Retail – Hobby Lobby | D49: Retail | E49: 20.66 | G49: WTW Health Premium (reimbursed by Via Benefits) | H49: =SUMIF($C$4:$C$110,G49,$E$4:$E$110) -> 2576
A50: 46238 | B50: Food Lion #2223 4891 L | C50: Grocery – Food Lion | D50: Groceries | E50: 77.34
A51: 46239 | B51: Del Taco 1615 Myrtle Beach SC | C51: Restaurants & Takeout | D51: Food | E51: 18.1
A52: 46239 | B52: Autobks*Nextgen LA | C52: Yard Company (NextGen) | D52: Home | E52: 60
A53: 46239 | B53: Frndlytv Inc*+ 1Ad | C53: Streaming – Frndly TV | D53: Streaming | E53: 22.41
A54: 46239 | B54: Publix #1703 Oak Island NC | C54: Grocery – Publix | D54: Groceries | E54: 15.39
A55: 46239 | B55: Dust and Mop House | C55: Dust and Mop House | D55: Excluded | E55: 432.6
A56: 46239 | B56: Check #102 | C56: Checks Written (payee not shown) | D56: Excluded | E56: 378
A57: 46240 | B57: Cvs/Pharmacy #0738 South Port | C57: CVS Pharmacy | D57: Health | E57: 149.55
A58: 46240 | B58: Lowes Foods #27 Southport NC | C58: Grocery – Lowes Foods | D58: Groceries | E58: 60.15
A59: 46240 | B59: Delta Dental of Delta Dent | C59: Dental Insurance – Delta Dental | D59: Insurance | E59: 69.36
A60: 46240 | B60: Wtw Ccc Tccc 2026Aug | C60: WTW Health Premium (reimbursed by Via Benefits) | D60: Excluded | E60: 2576
A61: 46241 | B61: Venmo *Jared Tinstman | C61: Transfers to People (Venmo/Zelle) | D61: Transfers | E61: 331.5
... A110: 46259 | B110: Apple.Com/Bill | C110: Software & Online Subscriptions | D110: Subscriptions | E110: 2.99
D111: Total spending | E111: =SUMIF(D4:D110,"<>Excluded",E4:E110) -> 14654.04
D112: Not counted (Excluded) | E112: =SUMIF(D4:D110,"Excluded",E4:E110) -> 8329.68

Sheet September 2026
A1: September 2026 Spending — statement period 8/26–9/24/26
A3: Date | B3: Description | C3: Category | D3: Group | E3: Amount | G3: Category subtotals (this month) | H3: Amount
A4: 46262 | B4: Tst*Cafe Koa - Oak Southport NC | C4: Restaurants & Takeout | D4: Food | E4: 25.81 | G4: A&D Mortgage | H4: =SUMIF($C$4:$C$88,G4,$E$4:$E$88) -> 3411.1
A5: 46262 | B5: Cat on A Whisk 9104719377 NC | C5: Retail – Cat on a Whisk | D5: Retail | E5: 24.51 | G5: St. James Membership (Club) | H5: =SUMIF($C$4:$C$88,G5,$E$4:$E$88) -> 1767
A6: 46262 | B6: Lil & Johnssweetre Oak Island | C6: Restaurants & Takeout | D6: Food | E6: 18.35 | G6: Restaurants & Takeout | H6: =SUMIF($C$4:$C$88,G6,$E$4:$E$88) -> 839.3
A7: 46265 | B7: Wilmington Eye 910-7633601 | C7: Medical – Wilmington Eye | D7: Health | E7: 60 | G7: Banner Life Insurance | H7: =SUMIF($C$4:$C$88,G7,$E$4:$E$88) -> 710.06
A8: 46265 | B8: McDonald's F7702 Southport NC | C8: Restaurants & Takeout | D8: Food | E8: 9.49 | G8: Grocery – Publix | H8: =SUMIF($C$4:$C$88,G8,$E$4:$E$88) -> 630.65
A9: 46265 | B9: Google Youtubetv | C9: Streaming – YouTube TV (Google) | D9: Streaming | E9: 89 | G9: Grocery – Lowes Foods | H9: =SUMIF($C$4:$C$88,G9,$E$4:$E$88) -> 571.85
A10: 46265 | B10: Roku for Disney El | C10: Streaming – Disney (via Roku) | D10: Streaming | E10: 20.27 | G10: Utility – Electric (BEMC) | H10: =SUMIF($C$4:$C$88,G10,$E$4:$E$88) -> 419.66
A11: 46265 | B11: Wal-Mart #2772 Southport NC | C11: Retail – Walmart | D11: Retail | E11: 32.63 | G11: Verizon Wireless | H11: =SUMIF($C$4:$C$88,G11,$E$4:$E$88) -> 386.85
A12: 46265 | B12: Burney's Bakery of Southport NC | C12: Restaurants & Takeout | D12: Food | E12: 15.17 | G12: Allstate Insurance | H12: =SUMIF($C$4:$C$88,G12,$E$4:$E$88) -> 354.17
A13: 46265 | B13: Lowes Foods #27 Southport NC | C13: Grocery – Lowes Foods | D13: Groceries | E13: 5.28 | G13: Gas & Convenience Stores | H13: =SUMIF($C$4:$C$88,G13,$E$4:$E$88) -> 238.98
A14: 46265 | B14: 365 Market H 888 4 Troy MI | C14: Restaurants & Takeout | D14: Food | E14: 8.27 | G14: Health Insurance – Blue Cross NC | H14: =SUMIF($C$4:$C$88,G14,$E$4:$E$88) -> 216.25
A15: 46265 | B15: DD *Doordash Seasi | C15: Restaurants & Takeout | D15: Food | E15: 49.01 | G15: Donations & Clubs (Kiwanis) | H15: =SUMIF($C$4:$C$88,G15,$E$4:$E$88) -> 200
... A40: 46274 | B40: Wtw Ccc Tccc 2026SEP | C40: WTW Health Premium (reimbursed by Via Benefits) | D40: Excluded | E40: 2576 | G40: Streaming – ESPN (Sept billed as Disney Plus) | H40: =SUMIF($C$4:$C$88,G40,$E$4:$E$88) -> 13.87
A41: 46275 | B41: NC Quick Pass 877-769-7277 NC | C41: Tolls & Parking | D41: Transportation | E41: 68.24 | G41: Total spending | H41: =SUM(H4:H40) -> 11515.63
A42: 46275 | B42: Aci*Blue Cross NC | C42: Health Insurance – Blue Cross NC | D42: Insurance | E42: 216.25
A43: 46275 | B43: Pt *Dosher Hospita | C43: Medical – Dosher Hospital (Southport) | D43: Health | E43: 100.28 | G43: Not counted as spending
A44: 46275 | B44: Bemc - Ecc WWW.Bemc.Coop NC | C44: Utility – Electric (BEMC) | D44: Utilities | E44: 419.66 | G44: Credit Card Payoff – American Express | H44: =SUMIF($C$4:$C$88,G44,$E$4:$E$88) -> 4738.51
A45: 46275 | B45: Focus Broadband Clover.Com NC | C45: Internet – Focus Broadband | D45: Phone & Internet | E45: 80.79 | G45: WTW Health Premium (reimbursed by Via Benefits) | H45: =SUMIF($C$4:$C$88,G45,$E$4:$E$88) -> 2576
A46: 46275 | B46: Lowe's #682 Southport NC | C46: Retail – Lowe's (home improvement) | D46: Retail | E46: 85.27
A47: 46279 | B47: Opc*Brunswick CO U | C47: Utility – Water/Sewer (Brunswick County) | D47: Utilities | E47: 81.31
A48: 46279 | B48: Opc Utl*Service Fe | C48: Utility – Water/Sewer (Brunswick County) | D48: Utilities | E48: 2.95
A49: 46279 | B49: Kiwanis Club of So Southport NC | C49: Donations & Clubs (Kiwanis) | D49: Other | E49: 200
A50: 46279 | B50: Disney Plus Ecom | C50: Streaming – ESPN (Sept billed as Disney Plus) | D50: Streaming | E50: 13.87
A51: 46279 | B51: Google Youtubetv N | C51: Streaming – YouTube TV (Google) | D51: Streaming | E51: 43.43
A52: 46279 | B52: Village Store 4 Wallace NC | C52: Gas & Convenience Stores | D52: Transportation | E52: 52.03
A53: 46279 | B53: NY Pizza - Bass PR Cary NC | C53: Restaurants & Takeout | D53: Food | E53: 34.89
A54: 46279 | B54: Lowes Food #235 Bolivia NC | C54: Grocery – Lowes Foods | D54: Groceries | E54: 88.63
A55: 46279 | B55: Dept Education Student Ln 0000 | C55: Student Loan (Dept of Education) | D55: Student Loan | E55: 160.37
A56: 46280 | B56: Amk Duke South Wps Durham | C56: Medical – Duke Hospital (Durham, food & parking) | D56: Health | E56: 8.75
A57: 46280 | B57: Autobks*Nextgen LA | C57: Yard Company (NextGen) | D57: Home | E57: 60
... A88: 46289 | B88: Moore Street Oyste | C88: Restaurants & Takeout | D88: Food | E88: 27.32
D89: Total spending | E89: =SUMIF(D4:D88,"<>Excluded",E4:E88) -> 11515.63
D90: Not counted (Excluded) | E90: =SUMIF(D4:D88,"Excluded",E4:E88) -> 7314.51

Sheet All Transactions
A1: All Checking Withdrawals – Wells Fargo Everyday Checking (…6004)
A2: Every debit on the four statements, 5/27/26 – 9/24/26. "Month" = statement period. Use the filter arrows to sort or filter.
A4: Month | B4: Date | C4: Description (from statement) | D4: Category | E4: Group | F4: Amount
A5: June 2026 | B5: 46169 | C5: Aci*Blue Cross NC Durham NC | D5: Health Insurance – Blue Cross NC | E5: Insurance | F5: 216.25
A6: June 2026 | B6: 46169 | C6: Chipotle 4232 Conway SC | D6: Restaurants & Takeout | E6: Food | F6: 24.53
A7: June 2026 | B7: 46170 | C7: Chick-Fil-A #04769 Shallotte NC | D7: Restaurants & Takeout | E7: Food | F7: 11.2
A8: June 2026 | B8: 46170 | C8: Dairy Queen #15351 Supply NC | D8: Restaurants & Takeout | E8: Food | F8: 7.35
A9: June 2026 | B9: 46170 | C9: Belk Syf Paymnt May 28 604583156390724 Dempseyleigh | D9: Retail – Belk (store card payments) | E9: Retail | F9: 386.69
A10: June 2026 | B10: 46171 | C10: Google *Youtube Tv | D10: Streaming – YouTube TV (Google) | E10: Streaming | F10: 89
A11: June 2026 | B11: 46171 | C11: Google *Youtube Tv | D11: Streaming – YouTube TV (Google) | E11: Streaming | F11: 11.78
A12: June 2026 | B12: 46171 | C12: Roku for Disney El | D12: Streaming – Disney (via Roku) | E12: Streaming | F12: 20.27
A13: June 2026 | B13: 46171 | C13: Lowes Food #235 Bolivia NC | D13: Grocery – Lowes Foods | E13: Groceries | F13: 125.08
A14: June 2026 | B14: 46174 | C14: Apple.Com/Bill 866-712-7753 | D14: Software & Online Subscriptions | E14: Subscriptions | F14: 13.8
A15: June 2026 | B15: 46174 | C15: DD *Doordash Bella | D15: Restaurants & Takeout | E15: Food | F15: 62.84
A16: June 2026 | B16: 46174 | C16: Ls Mad River 186-69321801 NC | D16: Retail – Local shops (Hippie Chick, Southport Spices, Mad River, Coastal Carolina) | E16: Retail | F16: 41.63
... A436: September 2026 | B436: 46289 | C436: Moore Street Oyste | D436: Restaurants & Takeout | E436: Food | F436: 27.32
E437: All withdrawals | F437: =SUM(F5:F436) -> 84517.24
